2025-12-25 13:32:08,090,search,{'query': 'Test', 'display': 5, 'sort': 'comment'},401
2025-12-25 13:53:36,252,search,{'query': 'Test', 'display': 5, 'sort': 'comment'},401
2025-12-25 14:10:45,165,search,{'query': '강남역 한식', 'display': 20, 'sort': 'comment'},200
2025-12-25 14:16:12,680,search,{'query': '강남역 맛집', 'display': 1, 'sort': 'comment'},200
2025-12-25 14:16:43,570,search,{'query': '강남역 한식', 'display': 20, 'sort': 'comment'},200
2025-12-25 14:31:02,325,search,{'query': '강남역 맛집', 'display': 50, 'sort': 'comment'},200
2025-12-25 14:31:02,325,search,{'query': '강남역 맛집', 'display': 50, 'sort': 'comment'},200
2025-12-25 14:33:41,893,search,{'query': '강남역 맛집', 'display': 50, 'sort': 'comment'},200
2025-12-25 14:33:41,916,search,{'query': '강남역 맛집', 'display': 50, 'sort': 'comment'},200
2025-12-25 14:33:41,916,search,{'query': '강남역 맛집', 'display': 50, 'sort': 'comment'},200
2025-12-25 14:33:54,224,search,{'query': '강남역 양식 맛집', 'display': 50, 'sort': 'comment'},200
2025-12-25 14:33:57,720,search,{'query': '강남역 양식 중식 맛집', 'display': 50, 'sort': 'comment'},200
2025-12-25 14:34:55,412,search,{'query': '여의도역 맛집', 'display': 50, 'sort': 'comment'},200
2025-12-25 14:53:22,957,search,{'query': '강남역 맛집', 'display': 50, 'sort': 'comment'},200
2025-12-25 14:53:22,960,search,{'query': '강남역 맛집', 'display': 50, 'sort': 'comment'},200
2025-12-25 14:53:23,639,search,{'query': '강남역 맛집', 'display': 50, 'sort': 'comment'},200
2025-12-25 14:53:23,731,search,{'query': '강남역 맛집', 'display': 50, 'sort': 'comment'},200
2025-12-25 14:53:39,311,search,{'query': '강남역 양식 맛집', 'display': 50, 'sort': 'comment'},200
2025-12-25 14:54:08,232,search,{'query': '강남역 맛집', 'display': 50, 'sort': 'comment'},200
2025-12-25 14:55:29,414,search,{'query': '강남역 맛집', 'display': 50, 'sort': 'comment'},200
2025-12-25 14:56:55,817,search,{'query': '강남역 맛집', 'display': 50, 'sort': 'comment'},200
2025-12-25 14:58:37,287,search,{'query': '강남역 맛집', 'display': 5, 'start': 1, 'sort': 'comment'},200
2025-12-25 14:58:37,289,search,{'query': '강남역 맛집', 'display': 5, 'start': 1, 'sort': 'comment'},200
2025-12-25 14:58:37,490,search,{'query': '강남역 맛집', 'display': 5, 'start': 6, 'sort': 'comment'},200
2025-12-25 14:58:37,493,search,{'query': '강남역 맛집', 'display': 5, 'start': 6, 'sort': 'comment'},200
2025-12-25 14:58:37,695,search,{'query': '강남역 맛집', 'display': 5, 'start': 11, 'sort': 'comment'},200
2025-12-25 14:58:37,696,search,{'query': '강남역 맛집', 'display': 5, 'start': 11, 'sort': 'comment'},200
2025-12-25 14:58:37,899,search,{'query': '강남역 맛집', 'display': 5, 'start': 16, 'sort': 'comment'},200
2025-12-25 14:58:37,902,search,{'query': '강남역 맛집', 'display': 5, 'start': 16, 'sort': 'comment'},200
2025-12-25 14:58:38,111,search,{'query': '강남역 맛집', 'display': 5, 'start': 21, 'sort': 'comment'},200
2025-12-25 14:58:38,113,search,{'query': '강남역 맛집', 'display': 5, 'start': 21, 'sort': 'comment'},200
2025-12-25 14:58:38,309,search,{'query': '강남역 맛집', 'display': 5, 'start': 26, 'sort': 'comment'},200
2025-12-25 14:58:38,324,search,{'query': '강남역 맛집', 'display': 5, 'start': 26, 'sort': 'comment'},200
2025-12-25 14:58:38,497,search,{'query': '강남역 맛집', 'display': 5, 'start': 31, 'sort': 'comment'},200
2025-12-25 14:58:38,505,search,{'query': '강남역 맛집', 'display': 5, 'start': 31, 'sort': 'comment'},200
2025-12-25 14:58:38,705,search,{'query': '강남역 맛집', 'display': 5, 'start': 36, 'sort': 'comment'},200
2025-12-25 14:58:38,713,search,{'query': '강남역 맛집', 'display': 5, 'start': 36, 'sort': 'comment'},200
2025-12-25 14:58:38,912,search,{'query': '강남역 맛집', 'display': 5, 'start': 41, 'sort': 'comment'},200
2025-12-25 14:58:38,939,search,{'query': '강남역 맛집', 'display': 5, 'start': 41, 'sort': 'comment'},200
2025-12-25 14:58:39,113,search,{'query': '강남역 맛집', 'display': 5, 'start': 46, 'sort': 'comment'},200
2025-12-25 14:58:39,130,search,{'query': '강남역 맛집', 'display': 5, 'start': 46, 'sort': 'comment'},200
2025-12-25 15:02:11,search,query=강남역 맛집&display=5&start=1&sort=comment,200
2025-12-25 15:02:11,search,query=강남역 맛집&display=5&start=1&sort=comment,200
2025-12-25 15:02:11,search,query=강남역 맛집&display=5&start=6&sort=comment,200
2025-12-25 15:02:11,search,query=강남역 맛집&display=5&start=6&sort=comment,200
2025-12-25 15:02:11,search,query=강남역 맛집&display=5&start=11&sort=comment,200
2025-12-25 15:02:11,search,query=강남역 맛집&display=5&start=11&sort=comment,200
2025-12-25 15:02:11,search,query=강남역 맛집&display=5&start=16&sort=comment,200
2025-12-25 15:02:11,search,query=강남역 맛집&display=5&start=16&sort=comment,200
2025-12-25 15:02:11,search,query=강남역 맛집&display=5&start=21&sort=comment,200
2025-12-25 15:02:11,search,query=강남역 맛집&display=5&start=21&sort=comment,200
2025-12-25 15:02:12,search,query=강남역 맛집&display=5&start=26&sort=comment,200
2025-12-25 15:02:12,search,query=강남역 맛집&display=5&start=26&sort=comment,200
2025-12-25 15:02:12,search,query=강남역 맛집&display=5&start=31&sort=comment,200
2025-12-25 15:02:12,search,query=강남역 맛집&display=5&start=31&sort=comment,200
2025-12-25 15:02:12,search,query=강남역 맛집&display=5&start=36&sort=comment,200
2025-12-25 15:02:12,search,query=강남역 맛집&display=5&start=36&sort=comment,200
2025-12-25 15:02:12,search,query=강남역 맛집&display=5&start=41&sort=comment,200
2025-12-25 15:02:12,search,query=강남역 맛집&display=5&start=41&sort=comment,200
2025-12-25 15:02:12,search,query=강남역 맛집&display=5&start=46&sort=comment,200
2025-12-25 15:02:12,search,query=강남역 맛집&display=5&start=46&sort=comment,200
2025-12-25 15:02:12,search,query=강남역 맛집&display=5&start=51&sort=comment,200
2025-12-25 15:02:13,search,query=강남역 맛집&display=5&start=51&sort=comment,200
2025-12-25 15:02:13,search,query=강남역 맛집&display=5&start=56&sort=comment,200
2025-12-25 15:02:13,search,query=강남역 맛집&display=5&start=56&sort=comment,200
2025-12-25 15:02:13,search,query=강남역 맛집&display=5&start=61&sort=comment,200
2025-12-25 15:02:13,search,query=강남역 맛집&display=5&start=61&sort=comment,200
2025-12-25 15:02:13,search,query=강남역 맛집&display=5&start=66&sort=comment,200
2025-12-25 15:02:13,search,query=강남역 맛집&display=5&start=66&sort=comment,200
2025-12-25 15:02:13,search,query=강남역 맛집&display=5&start=71&sort=comment,200
2025-12-25 15:02:13,search,query=강남역 맛집&display=5&start=71&sort=comment,200
2025-12-25 15:02:13,search,query=강남역 맛집&display=5&start=76&sort=comment,200
2025-12-25 15:02:13,search,query=강남역 맛집&display=5&start=76&sort=comment,200
2025-12-25 15:02:14,search,query=강남역 맛집&display=5&start=81&sort=comment,200
2025-12-25 15:02:14,search,query=강남역 맛집&display=5&start=81&sort=comment,200
2025-12-25 15:02:14,search,query=강남역 맛집&display=5&start=86&sort=comment,200
2025-12-25 15:02:14,search,query=강남역 맛집&display=5&start=86&sort=comment,200
2025-12-25 15:02:14,search,query=강남역 맛집&display=5&start=91&sort=comment,200
2025-12-25 15:02:14,search,query=강남역 맛집&display=5&start=91&sort=comment,200
2025-12-25 15:02:14,search,query=강남역 맛집&display=5&start=96&sort=comment,200
2025-12-25 15:02:14,search,query=강남역 맛집&display=5&start=96&sort=comment,200
2025-12-25 15:02:14,search,query=강남역 맛집&display=5&start=101&sort=comment,429
2025-12-25 15:02:14,search,query=강남역 맛집&display=5&start=101&sort=comment,429
2025-12-25 15:10:07,search,query=강남역 맛집 한식&display=5&start=1&sort=comment,200
2025-12-25 15:10:07,search,query=강남역 맛집 한식&display=5&start=1&sort=comment,200
2025-12-25 15:10:07,search,query=강남역 맛집 양식&display=5&start=1&sort=comment,200
2025-12-25 15:10:07,search,query=강남역 맛집 양식&display=5&start=1&sort=comment,200
2025-12-25 15:10:08,search,query=강남역 맛집 일식&display=5&start=1&sort=comment,200
2025-12-25 15:10:08,search,query=강남역 맛집 일식&display=5&start=1&sort=comment,200
2025-12-25 15:10:08,search,query=강남역 맛집 중식&display=5&start=1&sort=comment,200
2025-12-25 15:10:08,search,query=강남역 맛집 중식&display=5&start=1&sort=comment,200
2025-12-25 15:10:08,search,query=강남역 맛집 분식&display=5&start=1&sort=comment,200
2025-12-25 15:10:08,search,query=강남역 맛집 분식&display=5&start=1&sort=comment,200
2025-12-25 15:10:08,search,query=강남역 맛집 고기&display=5&start=1&sort=comment,200
2025-12-25 15:10:08,search,query=강남역 맛집 고기&display=5&start=1&sort=comment,200
2025-12-25 15:10:08,search,query=강남역 맛집 카페&display=5&start=1&sort=comment,200
2025-12-25 15:10:08,search,query=강남역 맛집 카페&display=5&start=1&sort=comment,200
2025-12-25 17:40:46,447,Retrying (Retry(total=1, connect=None, read=None, redirect=None, status=None)) after connection broken by 'ReadTimeoutError("HTTPSConnectionPool(host='nominatim.openstreetmap.org', port=443): Read timed out. (read timeout=1)")': /reverse?lat=37.481540183505274&lon=127.0511825089802&format=json&accept-language=ko&addressdetails=1
2025-12-25 17:40:50,950,Retrying (Retry(total=1, connect=None, read=None, redirect=None, status=None)) after connection broken by 'ReadTimeoutError("HTTPSConnectionPool(host='nominatim.openstreetmap.org', port=443): Read timed out. (read timeout=1)")': /reverse?lat=37.481540183505274&lon=127.0511825089802&format=json&accept-language=ko&addressdetails=1
2025-12-25 17:42:40,search,query=개포4동 맛집 한식&display=50&start=1&sort=comment,200
2025-12-25 17:42:41,search,query=개포4동 맛집 양식&display=50&start=1&sort=comment,200
2025-12-25 17:42:41,search,query=개포4동 맛집 일식&display=50&start=1&sort=comment,200
2025-12-25 17:42:41,search,query=개포4동 맛집 중식&display=50&start=1&sort=comment,200
2025-12-25 17:42:41,search,query=개포4동 맛집 분식&display=50&start=1&sort=comment,200
2025-12-25 17:42:41,search,query=개포4동 맛집 고기&display=50&start=1&sort=comment,200
2025-12-25 17:42:41,search,query=개포4동 맛집 카페&display=50&start=1&sort=comment,200
2025-12-25 18:39:04,529,Retrying (Retry(total=1, connect=None, read=None, redirect=None, status=None)) after connection broken by 'ReadTimeoutError("HTTPSConnectionPool(host='nominatim.openstreetmap.org', port=443): Read timed out. (read timeout=1)")': /reverse?lat=37.481395621320374&lon=127.05089211878754&format=json&accept-language=ko&addressdetails=1
2025-12-25 18:39:06,576,Retrying (Retry(total=1, connect=None, read=None, redirect=None, status=None)) after connection broken by 'ReadTimeoutError("HTTPSConnectionPool(host='nominatim.openstreetmap.org', port=443): Read timed out. (read timeout=1)")': /reverse?lat=37.481395621320374&lon=127.05089211878754&format=json&accept-language=ko&addressdetails=1
2025-12-25 18:39:19,266,Retrying (Retry(total=1, connect=None, read=None, redirect=None, status=None)) after connection broken by 'ReadTimeoutError("HTTPSConnectionPool(host='nominatim.openstreetmap.org', port=443): Read timed out. (read timeout=1)")': /reverse?lat=37.481395621320374&lon=127.05089211878754&format=json&accept-language=ko&addressdetails=1
2025-12-25 18:39:19,552,Retrying (Retry(total=1, connect=None, read=None, redirect=None, status=None)) after connection broken by 'ReadTimeoutError("HTTPSConnectionPool(host='nominatim.openstreetmap.org', port=443): Read timed out. (read timeout=1)")': /reverse?lat=37.481395621320374&lon=127.05089211878754&format=json&accept-language=ko&addressdetails=1
2025-12-25 18:39:19,899,Retrying (Retry(total=1, connect=None, read=None, redirect=None, status=None)) after connection broken by 'ReadTimeoutError("HTTPSConnectionPool(host='nominatim.openstreetmap.org', port=443): Read timed out. (read timeout=1)")': /reverse?lat=37.481395621320374&lon=127.05089211878754&format=json&accept-language=ko&addressdetails=1
2025-12-25 18:39:20,853,Retrying (Retry(total=0, connect=None, read=None, redirect=None, status=None)) after connection broken by 'ReadTimeoutError("HTTPSConnectionPool(host='nominatim.openstreetmap.org', port=443): Read timed out. (read timeout=1)")': /reverse?lat=37.481395621320374&lon=127.05089211878754&format=json&accept-language=ko&addressdetails=1
2025-12-25 18:39:21,117,Retrying (Retry(total=0, connect=None, read=None, redirect=None, status=None)) after connection broken by 'ReadTimeoutError("HTTPSConnectionPool(host='nominatim.openstreetmap.org', port=443): Read timed out. (read timeout=1)")': /reverse?lat=37.481395621320374&lon=127.05089211878754&format=json&accept-language=ko&addressdetails=1
2025-12-25 18:39:21,467,Retrying (Retry(total=0, connect=None, read=None, redirect=None, status=None)) after connection broken by 'ReadTimeoutError("HTTPSConnectionPool(host='nominatim.openstreetmap.org', port=443): Read timed out. (read timeout=1)")': /reverse?lat=37.481395621320374&lon=127.05089211878754&format=json&accept-language=ko&addressdetails=1
2025-12-25 18:39:24,272,Retrying (Retry(total=1, connect=None, read=None, redirect=None, status=None)) after connection broken by 'ReadTimeoutError("HTTPSConnectionPool(host='nominatim.openstreetmap.org', port=443): Read timed out. (read timeout=1)")': /reverse?lat=37.481395621320374&lon=127.05089211878754&format=json&accept-language=ko&addressdetails=1
2025-12-25 18:39:24,926,Retrying (Retry(total=1, connect=None, read=None, redirect=None, status=None)) after connection broken by 'ReadTimeoutError("HTTPSConnectionPool(host='nominatim.openstreetmap.org', port=443): Read timed out. (read timeout=1)")': /reverse?lat=37.481395621320374&lon=127.05089211878754&format=json&accept-language=ko&addressdetails=1
2025-12-25 18:39:25,567,Retrying (Retry(total=1, connect=None, read=None, redirect=None, status=None)) after connection broken by 'ReadTimeoutError("HTTPSConnectionPool(host='nominatim.openstreetmap.org', port=443): Read timed out. (read timeout=1)")': /reverse?lat=37.481395621320374&lon=127.05089211878754&format=json&accept-language=ko&addressdetails=1
2025-12-25 18:39:25,805,Retrying (Retry(total=0, connect=None, read=None, redirect=None, status=None)) after connection broken by 'ReadTimeoutError("HTTPSConnectionPool(host='nominatim.openstreetmap.org', port=443): Read timed out. (read timeout=1)")': /reverse?lat=37.481395621320374&lon=127.05089211878754&format=json&accept-language=ko&addressdetails=1
2025-12-25 18:39:25,865,Retrying (Retry(total=1, connect=None, read=None, redirect=None, status=None)) after connection broken by 'ReadTimeoutError("HTTPSConnectionPool(host='nominatim.openstreetmap.org', port=443): Read timed out. (read timeout=1)")': /reverse?lat=37.481395621320374&lon=127.05089211878754&format=json&accept-language=ko&addressdetails=1
2025-12-25 18:39:26,166,Retrying (Retry(total=1, connect=None, read=None, redirect=None, status=None)) after connection broken by 'ReadTimeoutError("HTTPSConnectionPool(host='nominatim.openstreetmap.org', port=443): Read timed out. (read timeout=1)")': /reverse?lat=37.481395621320374&lon=127.05089211878754&format=json&accept-language=ko&addressdetails=1
2025-12-25 18:39:26,192,Received an HTTP error (429): <html>
<head>
<title>Bandwidth limit exceeded</title>
</head>
<body>
<h1>Bandwidth limit exceeded</h1>

<p>You have been temporarily blocked because you have been overusing OSM's geocoding service or because you have not provided sufficient identification of your application. This block will be automatically lifted after a while. Please take the time and adapt your scripts to reduce the number of requests and make sure that you send a valid UserAgent or Referer.</p>

<p>For more information, consult the <a href="https://operations.osmfoundation.org/policies/nominatim/">usage policy</a> for the OSM Nominatim server.</p>
</body>
</html>

2025-12-25 18:39:26,459,Retrying (Retry(total=0, connect=None, read=None, redirect=None, status=None)) after connection broken by 'ReadTimeoutError("HTTPSConnectionPool(host='nominatim.openstreetmap.org', port=443): Read timed out. (read timeout=1)")': /reverse?lat=37.481395621320374&lon=127.05089211878754&format=json&accept-language=ko&addressdetails=1
2025-12-25 18:39:26,507,Received an HTTP error (429): <html>
<head>
<title>Bandwidth limit exceeded</title>
</head>
<body>
<h1>Bandwidth limit exceeded</h1>

<p>You have been temporarily blocked because you have been overusing OSM's geocoding service or because you have not provided sufficient identification of your application. This block will be automatically lifted after a while. Please take the time and adapt your scripts to reduce the number of requests and make sure that you send a valid UserAgent or Referer.</p>

<p>For more information, consult the <a href="https://operations.osmfoundation.org/policies/nominatim/">usage policy</a> for the OSM Nominatim server.</p>
</body>
</html>

2025-12-25 18:39:26,594,Retrying (Retry(total=1, connect=None, read=None, redirect=None, status=None)) after connection broken by 'ReadTimeoutError("HTTPSConnectionPool(host='nominatim.openstreetmap.org', port=443): Read timed out. (read timeout=1)")': /reverse?lat=37.481395621320374&lon=127.05089211878754&format=json&accept-language=ko&addressdetails=1
2025-12-25 18:39:26,595,Received an HTTP error (429): <html>
<head>
<title>Bandwidth limit exceeded</title>
</head>
<body>
<h1>Bandwidth limit exceeded</h1>

<p>You have been temporarily blocked because you have been overusing OSM's geocoding service or because you have not provided sufficient identification of your application. This block will be automatically lifted after a while. Please take the time and adapt your scripts to reduce the number of requests and make sure that you send a valid UserAgent or Referer.</p>

<p>For more information, consult the <a href="https://operations.osmfoundation.org/policies/nominatim/">usage policy</a> for the OSM Nominatim server.</p>
</body>
</html>

2025-12-25 18:39:26,675,Received an HTTP error (429): <html>
<head>
<title>Bandwidth limit exceeded</title>
</head>
<body>
<h1>Bandwidth limit exceeded</h1>

<p>You have been temporarily blocked because you have been overusing OSM's geocoding service or because you have not provided sufficient identification of your application. This block will be automatically lifted after a while. Please take the time and adapt your scripts to reduce the number of requests and make sure that you send a valid UserAgent or Referer.</p>

<p>For more information, consult the <a href="https://operations.osmfoundation.org/policies/nominatim/">usage policy</a> for the OSM Nominatim server.</p>
</body>
</html>

2025-12-25 18:39:26,775,Received an HTTP error (429): <html>
<head>
<title>Bandwidth limit exceeded</title>
</head>
<body>
<h1>Bandwidth limit exceeded</h1>

<p>You have been temporarily blocked because you have been overusing OSM's geocoding service or because you have not provided sufficient identification of your application. This block will be automatically lifted after a while. Please take the time and adapt your scripts to reduce the number of requests and make sure that you send a valid UserAgent or Referer.</p>

<p>For more information, consult the <a href="https://operations.osmfoundation.org/policies/nominatim/">usage policy</a> for the OSM Nominatim server.</p>
</body>
</html>

2025-12-25 18:39:26,976,Received an HTTP error (429): <html>
<head>
<title>Bandwidth limit exceeded</title>
</head>
<body>
<h1>Bandwidth limit exceeded</h1>

<p>You have been temporarily blocked because you have been overusing OSM's geocoding service or because you have not provided sufficient identification of your application. This block will be automatically lifted after a while. Please take the time and adapt your scripts to reduce the number of requests and make sure that you send a valid UserAgent or Referer.</p>

<p>For more information, consult the <a href="https://operations.osmfoundation.org/policies/nominatim/">usage policy</a> for the OSM Nominatim server.</p>
</body>
</html>

2025-12-25 18:39:27,111,Retrying (Retry(total=0, connect=None, read=None, redirect=None, status=None)) after connection broken by 'ReadTimeoutError("HTTPSConnectionPool(host='nominatim.openstreetmap.org', port=443): Read timed out. (read timeout=1)")': /reverse?lat=37.481395621320374&lon=127.05089211878754&format=json&accept-language=ko&addressdetails=1
2025-12-25 18:39:27,356,Received an HTTP error (429): <html>
<head>
<title>Bandwidth limit exceeded</title>
</head>
<body>
<h1>Bandwidth limit exceeded</h1>

<p>You have been temporarily blocked because you have been overusing OSM's geocoding service or because you have not provided sufficient identification of your application. This block will be automatically lifted after a while. Please take the time and adapt your scripts to reduce the number of requests and make sure that you send a valid UserAgent or Referer.</p>

<p>For more information, consult the <a href="https://operations.osmfoundation.org/policies/nominatim/">usage policy</a> for the OSM Nominatim server.</p>
</body>
</html>

2025-12-25 18:39:27,413,Received an HTTP error (429): <html>
<head>
<title>Bandwidth limit exceeded</title>
</head>
<body>
<h1>Bandwidth limit exceeded</h1>

<p>You have been temporarily blocked because you have been overusing OSM's geocoding service or because you have not provided sufficient identification of your application. This block will be automatically lifted after a while. Please take the time and adapt your scripts to reduce the number of requests and make sure that you send a valid UserAgent or Referer.</p>

<p>For more information, consult the <a href="https://operations.osmfoundation.org/policies/nominatim/">usage policy</a> for the OSM Nominatim server.</p>
</body>
</html>

2025-12-25 18:39:27,935,Received an HTTP error (429): <html>
<head>
<title>Bandwidth limit exceeded</title>
</head>
<body>
<h1>Bandwidth limit exceeded</h1>

<p>You have been temporarily blocked because you have been overusing OSM's geocoding service or because you have not provided sufficient identification of your application. This block will be automatically lifted after a while. Please take the time and adapt your scripts to reduce the number of requests and make sure that you send a valid UserAgent or Referer.</p>

<p>For more information, consult the <a href="https://operations.osmfoundation.org/policies/nominatim/">usage policy</a> for the OSM Nominatim server.</p>
</body>
</html>

2025-12-25 18:39:30,469,Retrying (Retry(total=1, connect=None, read=None, redirect=None, status=None)) after connection broken by 'ReadTimeoutError("HTTPSConnectionPool(host='nominatim.openstreetmap.org', port=443): Read timed out. (read timeout=1)")': /reverse?lat=37.481395621320374&lon=127.05089211878754&format=json&accept-language=ko&addressdetails=1
2025-12-25 18:39:31,052,Retrying (Retry(total=1, connect=None, read=None, redirect=None, status=None)) after connection broken by 'ReadTimeoutError("HTTPSConnectionPool(host='nominatim.openstreetmap.org', port=443): Read timed out. (read timeout=1)")': /reverse?lat=37.481395621320374&lon=127.05089211878754&format=json&accept-language=ko&addressdetails=1
2025-12-25 18:39:31,564,Retrying (Retry(total=1, connect=None, read=None, redirect=None, status=None)) after connection broken by 'ReadTimeoutError("HTTPSConnectionPool(host='nominatim.openstreetmap.org', port=443): Read timed out. (read timeout=1)")': /reverse?lat=37.481395621320374&lon=127.05089211878754&format=json&accept-language=ko&addressdetails=1
2025-12-25 18:39:31,851,Received an HTTP error (429): <html>
<head>
<title>Bandwidth limit exceeded</title>
</head>
<body>
<h1>Bandwidth limit exceeded</h1>

<p>You have been temporarily blocked because you have been overusing OSM's geocoding service or because you have not provided sufficient identification of your application. This block will be automatically lifted after a while. Please take the time and adapt your scripts to reduce the number of requests and make sure that you send a valid UserAgent or Referer.</p>

<p>For more information, consult the <a href="https://operations.osmfoundation.org/policies/nominatim/">usage policy</a> for the OSM Nominatim server.</p>
</body>
</html>

2025-12-25 18:39:31,945,Received an HTTP error (429): <html>
<head>
<title>Bandwidth limit exceeded</title>
</head>
<body>
<h1>Bandwidth limit exceeded</h1>

<p>You have been temporarily blocked because you have been overusing OSM's geocoding service or because you have not provided sufficient identification of your application. This block will be automatically lifted after a while. Please take the time and adapt your scripts to reduce the number of requests and make sure that you send a valid UserAgent or Referer.</p>

<p>For more information, consult the <a href="https://operations.osmfoundation.org/policies/nominatim/">usage policy</a> for the OSM Nominatim server.</p>
</body>
</html>

2025-12-25 18:39:32,004,Retrying (Retry(total=0, connect=None, read=None, redirect=None, status=None)) after connection broken by 'ReadTimeoutError("HTTPSConnectionPool(host='nominatim.openstreetmap.org', port=443): Read timed out. (read timeout=1)")': /reverse?lat=37.481395621320374&lon=127.05089211878754&format=json&accept-language=ko&addressdetails=1
2025-12-25 18:39:32,846,Retrying (Retry(total=0, connect=None, read=None, redirect=None, status=None)) after connection broken by 'ReadTimeoutError("HTTPSConnectionPool(host='nominatim.openstreetmap.org', port=443): Read timed out. (read timeout=1)")': /reverse?lat=37.481395621320374&lon=127.05089211878754&format=json&accept-language=ko&addressdetails=1
2025-12-25 18:39:32,874,Received an HTTP error (429): <html>
<head>
<title>Bandwidth limit exceeded</title>
</head>
<body>
<h1>Bandwidth limit exceeded</h1>

<p>You have been temporarily blocked because you have been overusing OSM's geocoding service or because you have not provided sufficient identification of your application. This block will be automatically lifted after a while. Please take the time and adapt your scripts to reduce the number of requests and make sure that you send a valid UserAgent or Referer.</p>

<p>For more information, consult the <a href="https://operations.osmfoundation.org/policies/nominatim/">usage policy</a> for the OSM Nominatim server.</p>
</body>
</html>

2025-12-25 18:39:38,954,Retrying (Retry(total=1, connect=None, read=None, redirect=None, status=None)) after connection broken by 'ReadTimeoutError("HTTPSConnectionPool(host='nominatim.openstreetmap.org', port=443): Read timed out. (read timeout=1)")': /reverse?lat=37.481395621320374&lon=127.05089211878754&format=json&accept-language=ko&addressdetails=1
2025-12-25 18:39:39,229,Retrying (Retry(total=1, connect=None, read=None, redirect=None, status=None)) after connection broken by 'ReadTimeoutError("HTTPSConnectionPool(host='nominatim.openstreetmap.org', port=443): Read timed out. (read timeout=1)")': /reverse?lat=37.481395621320374&lon=127.05089211878754&format=json&accept-language=ko&addressdetails=1
2025-12-25 18:39:39,591,Retrying (Retry(total=1, connect=None, read=None, redirect=None, status=None)) after connection broken by 'ReadTimeoutError("HTTPSConnectionPool(host='nominatim.openstreetmap.org', port=443): Read timed out. (read timeout=1)")': /reverse?lat=37.481395621320374&lon=127.05089211878754&format=json&accept-language=ko&addressdetails=1
2025-12-25 18:39:40,486,Retrying (Retry(total=0, connect=None, read=None, redirect=None, status=None)) after connection broken by 'ReadTimeoutError("HTTPSConnectionPool(host='nominatim.openstreetmap.org', port=443): Read timed out. (read timeout=1)")': /reverse?lat=37.481395621320374&lon=127.05089211878754&format=json&accept-language=ko&addressdetails=1
2025-12-25 18:39:40,546,Retrying (Retry(total=1, connect=None, read=None, redirect=None, status=None)) after connection broken by 'ReadTimeoutError("HTTPSConnectionPool(host='nominatim.openstreetmap.org', port=443): Read timed out. (read timeout=1)")': /reverse?lat=37.481395621320374&lon=127.05089211878754&format=json&accept-language=ko&addressdetails=1
2025-12-25 18:39:40,642,Received an HTTP error (429): <html>
<head>
<title>Bandwidth limit exceeded</title>
</head>
<body>
<h1>Bandwidth limit exceeded</h1>

<p>You have been temporarily blocked because you have been overusing OSM's geocoding service or because you have not provided sufficient identification of your application. This block will be automatically lifted after a while. Please take the time and adapt your scripts to reduce the number of requests and make sure that you send a valid UserAgent or Referer.</p>

<p>For more information, consult the <a href="https://operations.osmfoundation.org/policies/nominatim/">usage policy</a> for the OSM Nominatim server.</p>
</body>
</html>

2025-12-25 18:39:40,766,Retrying (Retry(total=0, connect=None, read=None, redirect=None, status=None)) after connection broken by 'ReadTimeoutError("HTTPSConnectionPool(host='nominatim.openstreetmap.org', port=443): Read timed out. (read timeout=1)")': /reverse?lat=37.481395621320374&lon=127.05089211878754&format=json&accept-language=ko&addressdetails=1
2025-12-25 18:39:41,123,Retrying (Retry(total=0, connect=None, read=None, redirect=None, status=None)) after connection broken by 'ReadTimeoutError("HTTPSConnectionPool(host='nominatim.openstreetmap.org', port=443): Read timed out. (read timeout=1)")': /reverse?lat=37.481395621320374&lon=127.05089211878754&format=json&accept-language=ko&addressdetails=1
2025-12-25 18:39:41,361,Received an HTTP error (429): <html>
<head>
<title>Bandwidth limit exceeded</title>
</head>
<body>
<h1>Bandwidth limit exceeded</h1>

<p>You have been temporarily blocked because you have been overusing OSM's geocoding service or because you have not provided sufficient identification of your application. This block will be automatically lifted after a while. Please take the time and adapt your scripts to reduce the number of requests and make sure that you send a valid UserAgent or Referer.</p>

<p>For more information, consult the <a href="https://operations.osmfoundation.org/policies/nominatim/">usage policy</a> for the OSM Nominatim server.</p>
</body>
</html>

2025-12-25 18:39:41,561,Received an HTTP error (429): <html>
<head>
<title>Bandwidth limit exceeded</title>
</head>
<body>
<h1>Bandwidth limit exceeded</h1>

<p>You have been temporarily blocked because you have been overusing OSM's geocoding service or because you have not provided sufficient identification of your application. This block will be automatically lifted after a while. Please take the time and adapt your scripts to reduce the number of requests and make sure that you send a valid UserAgent or Referer.</p>

<p>For more information, consult the <a href="https://operations.osmfoundation.org/policies/nominatim/">usage policy</a> for the OSM Nominatim server.</p>
</body>
</html>

2025-12-25 18:39:41,950,Received an HTTP error (429): <html>
<head>
<title>Bandwidth limit exceeded</title>
</head>
<body>
<h1>Bandwidth limit exceeded</h1>

<p>You have been temporarily blocked because you have been overusing OSM's geocoding service or because you have not provided sufficient identification of your application. This block will be automatically lifted after a while. Please take the time and adapt your scripts to reduce the number of requests and make sure that you send a valid UserAgent or Referer.</p>

<p>For more information, consult the <a href="https://operations.osmfoundation.org/policies/nominatim/">usage policy</a> for the OSM Nominatim server.</p>
</body>
</html>

2025-12-25 18:39:44,518,Retrying (Retry(total=1, connect=None, read=None, redirect=None, status=None)) after connection broken by 'ReadTimeoutError("HTTPSConnectionPool(host='nominatim.openstreetmap.org', port=443): Read timed out. (read timeout=1)")': /reverse?lat=37.481395621320374&lon=127.05089211878754&format=json&accept-language=ko&addressdetails=1
2025-12-25 18:39:45,394,Retrying (Retry(total=1, connect=None, read=None, redirect=None, status=None)) after connection broken by 'ReadTimeoutError("HTTPSConnectionPool(host='nominatim.openstreetmap.org', port=443): Read timed out. (read timeout=1)")': /reverse?lat=37.481395621320374&lon=127.05089211878754&format=json&accept-language=ko&addressdetails=1
2025-12-25 18:39:46,145,Retrying (Retry(total=0, connect=None, read=None, redirect=None, status=None)) after connection broken by 'ReadTimeoutError("HTTPSConnectionPool(host='nominatim.openstreetmap.org', port=443): Read timed out. (read timeout=1)")': /reverse?lat=37.481395621320374&lon=127.05089211878754&format=json&accept-language=ko&addressdetails=1
2025-12-25 18:39:46,962,Retrying (Retry(total=0, connect=None, read=None, redirect=None, status=None)) after connection broken by 'ReadTimeoutError("HTTPSConnectionPool(host='nominatim.openstreetmap.org', port=443): Read timed out. (read timeout=1)")': /reverse?lat=37.481395621320374&lon=127.05089211878754&format=json&accept-language=ko&addressdetails=1
2025-12-25 18:39:50,249,Retrying (Retry(total=1, connect=None, read=None, redirect=None, status=None)) after connection broken by 'ReadTimeoutError("HTTPSConnectionPool(host='nominatim.openstreetmap.org', port=443): Read timed out. (read timeout=1)")': /reverse?lat=37.481395621320374&lon=127.05089211878754&format=json&accept-language=ko&addressdetails=1
2025-12-25 18:39:51,834,Retrying (Retry(total=0, connect=None, read=None, redirect=None, status=None)) after connection broken by 'ReadTimeoutError("HTTPSConnectionPool(host='nominatim.openstreetmap.org', port=443): Read timed out. (read timeout=1)")': /reverse?lat=37.481395621320374&lon=127.05089211878754&format=json&accept-language=ko&addressdetails=1
2025-12-25 19:37:15,search,query=강남역 맛집 한식&display=100&start=1&sort=comment,200
2025-12-25 19:37:15,search,query=강남역 맛집 양식&display=100&start=1&sort=comment,200
2025-12-25 19:37:15,search,query=강남역 맛집 일식&display=100&start=1&sort=comment,200
2025-12-25 19:37:15,search,query=강남역 맛집 중식&display=100&start=1&sort=comment,200
2025-12-25 19:37:15,search,query=강남역 맛집 분식&display=100&start=1&sort=comment,200
2025-12-25 19:37:15,search,query=강남역 맛집 고기&display=100&start=1&sort=comment,200
2025-12-25 19:37:15,search,query=강남역 맛집 카페&display=100&start=1&sort=comment,200
2025-12-25 19:50:42,search_page,query=강남역 맛집 한식&display=5&start=1&sort=comment,200
2025-12-25 19:50:42,search_page,query=강남역 맛집 한식&display=5&start=6&sort=comment,200
2025-12-25 19:50:42,search_page,query=강남역 맛집 한식&display=5&start=11&sort=comment,200
2025-12-25 19:50:43,search_page,query=강남역 맛집 한식&display=5&start=16&sort=comment,200
2025-12-25 19:50:43,search_page,query=강남역 맛집 한식&display=5&start=21&sort=comment,200
2025-12-25 19:50:43,search_page,query=강남역 맛집 한식&display=5&start=26&sort=comment,200
2025-12-25 19:50:43,search_page,query=강남역 맛집 양식&display=5&start=1&sort=comment,200
2025-12-25 19:50:43,search_page,query=강남역 맛집 양식&display=5&start=6&sort=comment,200
2025-12-25 19:50:43,search_page,query=강남역 맛집 양식&display=5&start=11&sort=comment,200
2025-12-25 19:50:43,search_page,query=강남역 맛집 양식&display=5&start=16&sort=comment,200
2025-12-25 19:50:44,search_page,query=강남역 맛집 양식&display=5&start=21&sort=comment,200
2025-12-25 19:50:44,search_page,query=강남역 맛집 양식&display=5&start=26&sort=comment,200
2025-12-25 19:50:44,search_page,query=강남역 맛집 일식&display=5&start=1&sort=comment,200
2025-12-25 19:50:44,search_page,query=강남역 맛집 일식&display=5&start=6&sort=comment,200
2025-12-25 19:50:44,search_page,query=강남역 맛집 일식&display=5&start=11&sort=comment,200
2025-12-25 19:50:44,search_page,query=강남역 맛집 일식&display=5&start=16&sort=comment,200
2025-12-25 19:50:45,search_page,query=강남역 맛집 일식&display=5&start=21&sort=comment,200
2025-12-25 19:50:45,search_page,query=강남역 맛집 일식&display=5&start=26&sort=comment,200
2025-12-25 19:50:45,search_page,query=강남역 맛집 중식&display=5&start=1&sort=comment,200
2025-12-25 19:50:45,search_page,query=강남역 맛집 중식&display=5&start=6&sort=comment,200
2025-12-25 19:50:45,search_page,query=강남역 맛집 중식&display=5&start=11&sort=comment,200
2025-12-25 19:50:45,search_page,query=강남역 맛집 중식&display=5&start=16&sort=comment,200
2025-12-25 19:50:46,search_page,query=강남역 맛집 중식&display=5&start=21&sort=comment,200
2025-12-25 19:50:46,search_page,query=강남역 맛집 중식&display=5&start=26&sort=comment,200
2025-12-25 19:50:46,search_page,query=강남역 맛집 분식&display=5&start=1&sort=comment,200
2025-12-25 19:50:46,search_page,query=강남역 맛집 분식&display=5&start=6&sort=comment,200
2025-12-25 19:50:46,search_page,query=강남역 맛집 분식&display=5&start=11&sort=comment,200
2025-12-25 19:50:46,search_page,query=강남역 맛집 분식&display=5&start=16&sort=comment,200
2025-12-25 19:50:46,search_page,query=강남역 맛집 분식&display=5&start=21&sort=comment,200
2025-12-25 19:50:47,search_page,query=강남역 맛집 분식&display=5&start=26&sort=comment,200
2025-12-25 19:50:47,search_page,query=강남역 맛집 고기&display=5&start=1&sort=comment,200
2025-12-25 19:50:47,search_page,query=강남역 맛집 고기&display=5&start=6&sort=comment,200
2025-12-25 19:50:47,search_page,query=강남역 맛집 고기&display=5&start=11&sort=comment,200
2025-12-25 19:50:47,search_page,query=강남역 맛집 고기&display=5&start=16&sort=comment,200
2025-12-25 19:50:47,search_page,query=강남역 맛집 고기&display=5&start=21&sort=comment,200
2025-12-25 19:50:48,search_page,query=강남역 맛집 고기&display=5&start=26&sort=comment,200
2025-12-25 19:50:48,search_page,query=강남역 맛집 카페&display=5&start=1&sort=comment,200
2025-12-25 19:50:48,search_page,query=강남역 맛집 카페&display=5&start=6&sort=comment,200
2025-12-25 19:50:48,search_page,query=강남역 맛집 카페&display=5&start=11&sort=comment,200
2025-12-25 19:50:48,search_page,query=강남역 맛집 카페&display=5&start=16&sort=comment,200
2025-12-25 19:50:48,search_page,query=강남역 맛집 카페&display=5&start=21&sort=comment,200
2025-12-25 19:50:48,search_page,query=강남역 맛집 카페&display=5&start=26&sort=comment,200
2025-12-25 19:51:07,search_page,query=강남역 맛집 한식&display=5&start=1&sort=comment,200
2025-12-25 19:51:07,search_page,query=강남역 맛집 한식&display=5&start=6&sort=comment,200
2025-12-25 19:51:07,search_page,query=강남역 맛집 한식&display=5&start=11&sort=comment,200
2025-12-25 19:51:08,search_page,query=강남역 맛집 한식&display=5&start=16&sort=comment,200
2025-12-25 19:51:08,search_page,query=강남역 맛집 한식&display=5&start=21&sort=comment,200
2025-12-25 19:51:08,search_page,query=강남역 맛집 한식&display=5&start=26&sort=comment,200
2025-12-25 19:51:08,search_page,query=강남역 맛집 양식&display=5&start=1&sort=comment,200
2025-12-25 19:51:08,search_page,query=강남역 맛집 양식&display=5&start=6&sort=comment,200
2025-12-25 19:51:08,search_page,query=강남역 맛집 양식&display=5&start=11&sort=comment,200
2025-12-25 19:51:08,search_page,query=강남역 맛집 양식&display=5&start=16&sort=comment,200
2025-12-25 19:51:08,search_page,query=강남역 맛집 양식&display=5&start=21&sort=comment,200
2025-12-25 19:51:09,search_page,query=강남역 맛집 양식&display=5&start=26&sort=comment,200
2025-12-25 19:51:09,search_page,query=강남역 맛집 일식&display=5&start=1&sort=comment,200
2025-12-25 19:51:09,search_page,query=강남역 맛집 일식&display=5&start=6&sort=comment,200
2025-12-25 19:51:09,search_page,query=강남역 맛집 일식&display=5&start=11&sort=comment,200
2025-12-25 19:51:09,search_page,query=강남역 맛집 일식&display=5&start=16&sort=comment,200
2025-12-25 19:51:09,search_page,query=강남역 맛집 일식&display=5&start=21&sort=comment,200
2025-12-25 19:51:09,search_page,query=강남역 맛집 일식&display=5&start=26&sort=comment,200
2025-12-25 19:51:10,search_page,query=강남역 맛집 중식&display=5&start=1&sort=comment,200
2025-12-25 19:51:10,search_page,query=강남역 맛집 중식&display=5&start=6&sort=comment,200
2025-12-25 19:51:10,search_page,query=강남역 맛집 중식&display=5&start=11&sort=comment,200
2025-12-25 19:51:10,search_page,query=강남역 맛집 중식&display=5&start=16&sort=comment,200
2025-12-25 19:51:10,search_page,query=강남역 맛집 중식&display=5&start=21&sort=comment,200
2025-12-25 19:51:10,search_page,query=강남역 맛집 중식&display=5&start=26&sort=comment,200
2025-12-25 19:51:10,search_page,query=강남역 맛집 분식&display=5&start=1&sort=comment,200
2025-12-25 19:51:10,search_page,query=강남역 맛집 분식&display=5&start=6&sort=comment,200
2025-12-25 19:51:11,search_page,query=강남역 맛집 분식&display=5&start=11&sort=comment,200
2025-12-25 19:51:11,search_page,query=강남역 맛집 분식&display=5&start=16&sort=comment,200
2025-12-25 19:51:11,search_page,query=강남역 맛집 분식&display=5&start=21&sort=comment,200
2025-12-25 19:51:11,search_page,query=강남역 맛집 분식&display=5&start=26&sort=comment,200
2025-12-25 19:51:11,search_page,query=강남역 맛집 고기&display=5&start=1&sort=comment,200
2025-12-25 19:51:11,search_page,query=강남역 맛집 고기&display=5&start=6&sort=comment,200
2025-12-25 19:51:11,search_page,query=강남역 맛집 고기&display=5&start=11&sort=comment,200
2025-12-25 19:51:12,search_page,query=강남역 맛집 고기&display=5&start=16&sort=comment,200
2025-12-25 19:51:12,search_page,query=강남역 맛집 고기&display=5&start=21&sort=comment,200
2025-12-25 19:51:12,search_page,query=강남역 맛집 고기&display=5&start=26&sort=comment,200
2025-12-25 19:51:12,search_page,query=강남역 맛집 카페&display=5&start=1&sort=comment,200
2025-12-25 19:51:12,search_page,query=강남역 맛집 카페&display=5&start=6&sort=comment,200
2025-12-25 19:51:12,search_page,query=강남역 맛집 카페&display=5&start=11&sort=comment,200
2025-12-25 19:51:12,search_page,query=강남역 맛집 카페&display=5&start=16&sort=comment,200
2025-12-25 19:51:12,search_page,query=강남역 맛집 카페&display=5&start=21&sort=comment,200
2025-12-25 19:51:13,search_page,query=강남역 맛집 카페&display=5&start=26&sort=comment,200
2025-12-25 20:05:10,search,query=강남역 맛집 한식&display=100&start=1&sort=comment,200
2025-12-25 20:05:10,search,query=강남역 맛집 양식&display=100&start=1&sort=comment,200
2025-12-25 20:05:10,search,query=강남역 맛집 일식&display=100&start=1&sort=comment,200
2025-12-25 20:05:11,search,query=강남역 맛집 중식&display=100&start=1&sort=comment,200
2025-12-25 20:05:11,search,query=강남역 맛집 분식&display=100&start=1&sort=comment,200
2025-12-25 20:05:11,search,query=강남역 맛집 고기&display=100&start=1&sort=comment,200
2025-12-25 20:05:11,search,query=강남역 맛집 카페&display=100&start=1&sort=comment,200
2026-01-13 23:47:20,kakao,search,query=개포4동 족발 맛집&size=15&page=1&sort=accuracy,200
2026-01-13 23:47:20,kakao,search,query=개포4동 국밥 맛집&size=15&page=1&sort=accuracy,200
2026-01-13 23:47:20,kakao,search,query=개포4동 곱창 맛집&size=15&page=1&sort=accuracy,200
2026-01-13 23:47:20,kakao,search,query=개포4동 짬뽕 맛집&size=15&page=1&sort=accuracy,200
2026-01-13 23:47:20,kakao,search,query=개포4동 갈비 맛집&size=15&page=1&sort=accuracy,200
2026-01-13 23:47:20,kakao,search,query=개포4동 마라탕 맛집&size=15&page=1&sort=accuracy,200
2026-01-13 23:47:20,kakao,search,query=개포4동 한식 맛집&size=15&page=1&sort=accuracy,200
2026-01-13 23:47:20,kakao,search,query=개포4동 보쌈 맛집&size=15&page=1&sort=accuracy,200
2026-01-13 23:47:20,kakao,search,query=개포4동 탕수육 맛집&size=15&page=1&sort=accuracy,200
2026-01-13 23:47:20,kakao,search,query=개포4동 삼겹살 맛집&size=15&page=1&sort=accuracy,200
2026-01-13 23:47:20,kakao,search,query=개포4동 냉면 맛집&size=15&page=1&sort=accuracy,200
2026-01-13 23:47:20,kakao,search,query=개포4동 김치찌개 맛집&size=15&page=1&sort=accuracy,200
2026-01-13 23:47:20,kakao,search,query=개포4동 양꼬치 맛집&size=15&page=1&sort=accuracy,200
2026-01-13 23:47:20,kakao,search,query=개포4동 백반 맛집&size=15&page=1&sort=accuracy,200
2026-01-13 23:47:20,kakao,search,query=개포4동 중식 맛집&size=15&page=1&sort=accuracy,200
2026-01-13 23:47:20,kakao,search,query=강남역 된장찌개 맛집&size=15&page=1&sort=accuracy,200
2026-01-13 23:47:20,kakao,search,query=개포4동 된장찌개 맛집&size=15&page=1&sort=accuracy,200
2026-01-13 23:47:20,kakao,search,query=강남역 탕수육 맛집&size=15&page=1&sort=accuracy,200
2026-01-13 23:47:20,kakao,search,query=강남역 곱창 맛집&size=15&page=1&sort=accuracy,200
2026-01-13 23:47:20,kakao,search,query=개포4동 해장국 맛집&size=15&page=1&sort=accuracy,200
2026-01-13 23:47:20,kakao,search,query=강남역 양꼬치 맛집&size=15&page=1&sort=accuracy,200
2026-01-13 23:47:20,kakao,search,query=개포4동 칼국수 맛집&size=15&page=1&sort=accuracy,200
2026-01-13 23:47:20,kakao,search,query=강남역 냉면 맛집&size=15&page=1&sort=accuracy,200
2026-01-13 23:47:20,kakao,search,query=강남역 국밥 맛집&size=15&page=1&sort=accuracy,200
2026-01-13 23:47:20,kakao,search,query=강남역 일식 맛집&size=15&page=1&sort=accuracy,200
2026-01-13 23:47:21,kakao,search,query=개포4동 일식 맛집&size=15&page=1&sort=accuracy,200
2026-01-13 23:47:21,kakao,search,query=강남역 중식 맛집&size=15&page=1&sort=accuracy,200
2026-01-13 23:47:21,kakao,search,query=강남역 삼겹살 맛집&size=15&page=1&sort=accuracy,200
2026-01-13 23:47:21,kakao,search,query=개포4동 짜장면 맛집&size=15&page=1&sort=accuracy,200
2026-01-13 23:47:21,kakao,search,query=강남역 한식 맛집&size=15&page=1&sort=accuracy,200
2026-01-13 23:47:21,kakao,search,query=강남역 짜장면 맛집&size=15&page=1&sort=accuracy,200
2026-01-13 23:47:21,kakao,search,query=강남역 짬뽕 맛집&size=15&page=1&sort=accuracy,200
2026-01-13 23:47:21,kakao,search,query=강남역 마라탕 맛집&size=15&page=1&sort=accuracy,200
2026-01-13 23:47:21,kakao,search,query=강남역 백반 맛집&size=15&page=1&sort=accuracy,200
2026-01-13 23:47:21,kakao,search,query=강남역 칼국수 맛집&size=15&page=1&sort=accuracy,200
2026-01-13 23:47:21,kakao,search,query=개포4동 돈까스 맛집&size=15&page=1&sort=accuracy,200
2026-01-13 23:47:21,kakao,search,query=강남역 보쌈 맛집&size=15&page=1&sort=accuracy,200
2026-01-13 23:47:21,kakao,search,query=강남역 족발 맛집&size=15&page=1&sort=accuracy,200
2026-01-13 23:47:21,kakao,search,query=강남역 갈비 맛집&size=15&page=1&sort=accuracy,200
2026-01-13 23:47:21,kakao,search,query=개포4동 초밥 맛집&size=15&page=1&sort=accuracy,200
2026-01-13 23:47:21,kakao,search,query=강남역 해장국 맛집&size=15&page=1&sort=accuracy,200
2026-01-13 23:47:21,kakao,search,query=강남역 김치찌개 맛집&size=15&page=1&sort=accuracy,200
2026-01-13 23:47:21,kakao,search,query=개포4동 스시 맛집&size=15&page=1&sort=accuracy,200
2026-01-13 23:47:21,kakao,search,query=개포4동 우동 맛집&size=15&page=1&sort=accuracy,200
2026-01-13 23:47:21,kakao,search,query=개포4동 덮밥 맛집&size=15&page=1&sort=accuracy,200
2026-01-13 23:47:21,kakao,search,query=개포4동 라멘 맛집&size=15&page=1&sort=accuracy,200
2026-01-13 23:47:21,kakao,search,query=개포4동 이자카야 맛집&size=15&page=1&sort=accuracy,200
2026-01-13 23:47:21,kakao,search,query=개포4동 파스타 맛집&size=15&page=1&sort=accuracy,200
2026-01-13 23:47:22,kakao,search,query=개포4동 양식 맛집&size=15&page=1&sort=accuracy,200
2026-01-13 23:47:22,kakao,search,query=개포4동 스테이크 맛집&size=15&page=1&sort=accuracy,200
2026-01-13 23:47:22,kakao,search,query=개포4동 버거 맛집&size=15&page=1&sort=accuracy,200
2026-01-13 23:47:22,kakao,search,query=강남역 라멘 맛집&size=15&page=1&sort=accuracy,200
2026-01-13 23:47:22,kakao,search,query=강남역 초밥 맛집&size=15&page=1&sort=accuracy,200
2026-01-13 23:47:22,kakao,search,query=강남역 피자 맛집&size=15&page=1&sort=accuracy,200
2026-01-13 23:47:22,kakao,search,query=개포4동 타코 맛집&size=15&page=1&sort=accuracy,200
2026-01-13 23:47:22,kakao,search,query=강남역 우동 맛집&size=15&page=1&sort=accuracy,200
2026-01-13 23:47:22,kakao,search,query=강남역 버거 맛집&size=15&page=1&sort=accuracy,200
2026-01-13 23:47:22,kakao,search,query=개포4동 치킨 맛집&size=15&page=1&sort=accuracy,200
2026-01-13 23:47:22,kakao,search,query=강남역 덮밥 맛집&size=15&page=1&sort=accuracy,200
2026-01-13 23:47:22,kakao,search,query=개포4동 브런치 맛집&size=15&page=1&sort=accuracy,200
2026-01-13 23:47:22,kakao,search,query=개포4동 카레 맛집&size=15&page=1&sort=accuracy,200
2026-01-13 23:47:22,kakao,search,query=강남역 아시안 맛집&size=15&page=1&sort=accuracy,200
2026-01-13 23:47:22,kakao,search,query=강남역 돈까스 맛집&size=15&page=1&sort=accuracy,200
2026-01-13 23:47:22,kakao,search,query=개포4동 김밥 맛집&size=15&page=1&sort=accuracy,200
2026-01-13 23:47:22,kakao,search,query=개포4동 쌀국수 맛집&size=15&page=1&sort=accuracy,200
2026-01-13 23:47:22,kakao,search,query=개포4동 아시안 맛집&size=15&page=1&sort=accuracy,200
2026-01-13 23:47:22,kakao,search,query=개포4동 분식 맛집&size=15&page=1&sort=accuracy,200
2026-01-13 23:47:22,kakao,search,query=강남역 쌀국수 맛집&size=15&page=1&sort=accuracy,200
2026-01-13 23:47:22,kakao,search,query=개포4동 디저트 맛집&size=15&page=1&sort=accuracy,200
2026-01-13 23:47:22,kakao,search,query=강남역 타코 맛집&size=15&page=1&sort=accuracy,200
2026-01-13 23:47:22,kakao,search,query=강남역 분식 맛집&size=15&page=1&sort=accuracy,200
2026-01-13 23:47:22,kakao,search,query=강남역 떡볶이 맛집&size=15&page=1&sort=accuracy,200
2026-01-13 23:47:22,kakao,search,query=강남역 파스타 맛집&size=15&page=1&sort=accuracy,200
2026-01-13 23:47:22,kakao,search,query=강남역 양식 맛집&size=15&page=1&sort=accuracy,200
2026-01-13 23:47:22,kakao,search,query=강남역 이자카야 맛집&size=15&page=1&sort=accuracy,200
2026-01-13 23:47:22,kakao,search,query=강남역 스시 맛집&size=15&page=1&sort=accuracy,200
2026-01-13 23:47:22,kakao,search,query=강남역 브런치 맛집&size=15&page=1&sort=accuracy,200
2026-01-13 23:47:22,kakao,search,query=강남역 스테이크 맛집&size=15&page=1&sort=accuracy,200
2026-01-13 23:47:22,kakao,search,query=개포4동 베이커리 맛집&size=15&page=1&sort=accuracy,200
2026-01-13 23:47:22,kakao,search,query=개포4동 카페 맛집&size=15&page=1&sort=accuracy,200
2026-01-13 23:47:22,kakao,search,query=개포4동 샐러드 맛집&size=15&page=1&sort=accuracy,200
2026-01-13 23:47:22,kakao,search,query=강남역 샐러드 맛집&size=15&page=1&sort=accuracy,200
2026-01-13 23:47:22,kakao,search,query=강남역 카레 맛집&size=15&page=1&sort=accuracy,200
2026-01-13 23:47:22,kakao,search,query=개포4동 피자 맛집&size=15&page=1&sort=accuracy,200
2026-01-13 23:47:22,kakao,search,query=개포4동 떡볶이 맛집&size=15&page=1&sort=accuracy,200
2026-01-13 23:47:22,kakao,search,query=강남역 김밥 맛집&size=15&page=1&sort=accuracy,200
2026-01-13 23:47:22,kakao,search,query=강남역 카페 맛집&size=15&page=1&sort=accuracy,200
2026-01-13 23:47:22,kakao,search,query=강남역 베이커리 맛집&size=15&page=1&sort=accuracy,200
2026-01-13 23:47:22,kakao,search,query=강남역 치킨 맛집&size=15&page=1&sort=accuracy,200
2026-01-13 23:47:22,kakao,search,query=강남역 디저트 맛집&size=15&page=1&sort=accuracy,200
2026-01-13 23:50:27,752,google-genai not installed. AI mode will not work.
2026-01-13 23:52:12,714,Retrying (Retry(total=1, connect=None, read=None, redirect=None, status=None)) after connection broken by 'ReadTimeoutError("HTTPSConnectionPool(host='nominatim.openstreetmap.org', port=443): Read timed out. (read timeout=1)")': /reverse?lat=37.48171984537919&lon=127.05136096103276&format=json&accept-language=ko&addressdetails=1
2026-01-13 23:52:59,720,Starting AI analysis for 10 restaurants
2026-01-13 23:52:59,720,AFC is enabled with max remote calls: 10.
2026-01-13 23:52:59,721,AFC is enabled with max remote calls: 10.
2026-01-13 23:52:59,722,AFC is enabled with max remote calls: 10.
2026-01-13 23:52:59,723,AFC is enabled with max remote calls: 10.
2026-01-13 23:52:59,723,AFC is enabled with max remote calls: 10.
2026-01-13 23:53:00,660,HTTP Request: POST https://generativelanguage.googleapis.com/v1beta/models/gemini-flash-latest:generateContent "HTTP/1.1 429 Too Many Requests"
2026-01-13 23:53:00,661,HTTP Request: POST https://generativelanguage.googleapis.com/v1beta/models/gemini-flash-latest:generateContent "HTTP/1.1 429 Too Many Requests"
2026-01-13 23:53:00,662,Error analyzing 스마일명품찹쌀꽈배기 양재2호점: 429 RESOURCE_EXHAUSTED. {'error': {'code': 429, 'message': 'You exceeded your current quota, please check your plan and billing details. For more information on this error, head to: https://ai.google.dev/gemini-api/docs/rate-limits. To monitor your current usage, head to: https://ai.dev/rate-limit. \n* Quota exceeded for metric: generativelanguage.googleapis.com/generate_content_free_tier_requests, limit: 20, model: gemini-2.5-flash\nPlease retry in 59.65108422s.', 'status': 'RESOURCE_EXHAUSTED', 'details': [{'@type': 'type.googleapis.com/google.rpc.Help', 'links': [{'description': 'Learn more about Gemini API quotas', 'url': 'https://ai.google.dev/gemini-api/docs/rate-limits'}]}, {'@type': 'type.googleapis.com/google.rpc.QuotaFailure', 'violations': [{'quotaMetric': 'generativelanguage.googleapis.com/generate_content_free_tier_requests', 'quotaId': 'GenerateRequestsPerDayPerProjectPerModel-FreeTier', 'quotaDimensions': {'location': 'global', 'model': 'gemini-2.5-flash'}, 'quotaValue': '20'}]}, {'@type': 'type.googleapis.com/google.rpc.RetryInfo', 'retryDelay': '59s'}]}}
2026-01-13 23:53:00,662,AFC is enabled with max remote calls: 10.
2026-01-13 23:53:00,664,Error analyzing 밀란국수 개포본점: 429 RESOURCE_EXHAUSTED. {'error': {'code': 429, 'message': 'You exceeded your current quota, please check your plan and billing details. For more information on this error, head to: https://ai.google.dev/gemini-api/docs/rate-limits. To monitor your current usage, head to: https://ai.dev/rate-limit. \n* Quota exceeded for metric: generativelanguage.googleapis.com/generate_content_free_tier_requests, limit: 20, model: gemini-2.5-flash\nPlease retry in 59.650698679s.', 'status': 'RESOURCE_EXHAUSTED', 'details': [{'@type': 'type.googleapis.com/google.rpc.Help', 'links': [{'description': 'Learn more about Gemini API quotas', 'url': 'https://ai.google.dev/gemini-api/docs/rate-limits'}]}, {'@type': 'type.googleapis.com/google.rpc.QuotaFailure', 'violations': [{'quotaMetric': 'generativelanguage.googleapis.com/generate_content_free_tier_requests', 'quotaId': 'GenerateRequestsPerDayPerProjectPerModel-FreeTier', 'quotaDimensions': {'location': 'global', 'model': 'gemini-2.5-flash'}, 'quotaValue': '20'}]}, {'@type': 'type.googleapis.com/google.rpc.RetryInfo', 'retryDelay': '59s'}]}}
2026-01-13 23:53:00,665,AFC is enabled with max remote calls: 10.
2026-01-13 23:53:00,969,HTTP Request: POST https://generativelanguage.googleapis.com/v1beta/models/gemini-flash-latest:generateContent "HTTP/1.1 429 Too Many Requests"
2026-01-13 23:53:00,969,HTTP Request: POST https://generativelanguage.googleapis.com/v1beta/models/gemini-flash-latest:generateContent "HTTP/1.1 429 Too Many Requests"
2026-01-13 23:53:00,971,Error analyzing 구석탱이김밥: 429 RESOURCE_EXHAUSTED. {'error': {'code': 429, 'message': 'You exceeded your current quota, please check your plan and billing details. For more information on this error, head to: https://ai.google.dev/gemini-api/docs/rate-limits. To monitor your current usage, head to: https://ai.dev/rate-limit. \n* Quota exceeded for metric: generativelanguage.googleapis.com/generate_content_free_tier_requests, limit: 20, model: gemini-2.5-flash\nPlease retry in 59.260012212s.', 'status': 'RESOURCE_EXHAUSTED', 'details': [{'@type': 'type.googleapis.com/google.rpc.Help', 'links': [{'description': 'Learn more about Gemini API quotas', 'url': 'https://ai.google.dev/gemini-api/docs/rate-limits'}]}, {'@type': 'type.googleapis.com/google.rpc.QuotaFailure', 'violations': [{'quotaMetric': 'generativelanguage.googleapis.com/generate_content_free_tier_requests', 'quotaId': 'GenerateRequestsPerDayPerProjectPerModel-FreeTier', 'quotaDimensions': {'model': 'gemini-2.5-flash', 'location': 'global'}, 'quotaValue': '20'}]}, {'@type': 'type.googleapis.com/google.rpc.RetryInfo', 'retryDelay': '59s'}]}}
2026-01-13 23:53:00,971,AFC is enabled with max remote calls: 10.
2026-01-13 23:53:00,972,Error analyzing 캐리베이커리: 429 RESOURCE_EXHAUSTED. {'error': {'code': 429, 'message': 'You exceeded your current quota, please check your plan and billing details. For more information on this error, head to: https://ai.google.dev/gemini-api/docs/rate-limits. To monitor your current usage, head to: https://ai.dev/rate-limit. \n* Quota exceeded for metric: generativelanguage.googleapis.com/generate_content_free_tier_requests, limit: 20, model: gemini-2.5-flash\nPlease retry in 59.259369644s.', 'status': 'RESOURCE_EXHAUSTED', 'details': [{'@type': 'type.googleapis.com/google.rpc.Help', 'links': [{'description': 'Learn more about Gemini API quotas', 'url': 'https://ai.google.dev/gemini-api/docs/rate-limits'}]}, {'@type': 'type.googleapis.com/google.rpc.QuotaFailure', 'violations': [{'quotaMetric': 'generativelanguage.googleapis.com/generate_content_free_tier_requests', 'quotaId': 'GenerateRequestsPerDayPerProjectPerModel-FreeTier', 'quotaDimensions': {'location': 'global', 'model': 'gemini-2.5-flash'}, 'quotaValue': '20'}]}, {'@type': 'type.googleapis.com/google.rpc.RetryInfo', 'retryDelay': '59s'}]}}
2026-01-13 23:53:00,972,AFC is enabled with max remote calls: 10.
2026-01-13 23:53:01,377,HTTP Request: POST https://generativelanguage.googleapis.com/v1beta/models/gemini-flash-latest:generateContent "HTTP/1.1 429 Too Many Requests"
2026-01-13 23:53:01,378,HTTP Request: POST https://generativelanguage.googleapis.com/v1beta/models/gemini-flash-latest:generateContent "HTTP/1.1 429 Too Many Requests"
2026-01-13 23:53:01,380,Error analyzing 장군숯불갈비: 429 RESOURCE_EXHAUSTED. {'error': {'code': 429, 'message': 'You exceeded your current quota, please check your plan and billing details. For more information on this error, head to: https://ai.google.dev/gemini-api/docs/rate-limits. To monitor your current usage, head to: https://ai.dev/rate-limit. \n* Quota exceeded for metric: generativelanguage.googleapis.com/generate_content_free_tier_requests, limit: 20, model: gemini-2.5-flash\nPlease retry in 58.956022739s.', 'status': 'RESOURCE_EXHAUSTED', 'details': [{'@type': 'type.googleapis.com/google.rpc.Help', 'links': [{'description': 'Learn more about Gemini API quotas', 'url': 'https://ai.google.dev/gemini-api/docs/rate-limits'}]}, {'@type': 'type.googleapis.com/google.rpc.QuotaFailure', 'violations': [{'quotaMetric': 'generativelanguage.googleapis.com/generate_content_free_tier_requests', 'quotaId': 'GenerateRequestsPerDayPerProjectPerModel-FreeTier', 'quotaDimensions': {'location': 'global', 'model': 'gemini-2.5-flash'}, 'quotaValue': '20'}]}, {'@type': 'type.googleapis.com/google.rpc.RetryInfo', 'retryDelay': '58s'}]}}
2026-01-13 23:53:01,380,AFC is enabled with max remote calls: 10.
2026-01-13 23:53:01,382,Error analyzing 컴포즈커피 개포구룡초교점: 429 RESOURCE_EXHAUSTED. {'error': {'code': 429, 'message': 'You exceeded your current quota, please check your plan and billing details. For more information on this error, head to: https://ai.google.dev/gemini-api/docs/rate-limits. To monitor your current usage, head to: https://ai.dev/rate-limit. \n* Quota exceeded for metric: generativelanguage.googleapis.com/generate_content_free_tier_requests, limit: 20, model: gemini-2.5-flash\nPlease retry in 58.92773135s.', 'status': 'RESOURCE_EXHAUSTED', 'details': [{'@type': 'type.googleapis.com/google.rpc.Help', 'links': [{'description': 'Learn more about Gemini API quotas', 'url': 'https://ai.google.dev/gemini-api/docs/rate-limits'}]}, {'@type': 'type.googleapis.com/google.rpc.QuotaFailure', 'violations': [{'quotaMetric': 'generativelanguage.googleapis.com/generate_content_free_tier_requests', 'quotaId': 'GenerateRequestsPerDayPerProjectPerModel-FreeTier', 'quotaDimensions': {'location': 'global', 'model': 'gemini-2.5-flash'}, 'quotaValue': '20'}]}, {'@type': 'type.googleapis.com/google.rpc.RetryInfo', 'retryDelay': '58s'}]}}
2026-01-13 23:53:01,670,HTTP Request: POST https://generativelanguage.googleapis.com/v1beta/models/gemini-flash-latest:generateContent "HTTP/1.1 429 Too Many Requests"
2026-01-13 23:53:01,673,Error analyzing 서연옥: 429 RESOURCE_EXHAUSTED. {'error': {'code': 429, 'message': 'You exceeded your current quota, please check your plan and billing details. For more information on this error, head to: https://ai.google.dev/gemini-api/docs/rate-limits. To monitor your current usage, head to: https://ai.dev/rate-limit. \n* Quota exceeded for metric: generativelanguage.googleapis.com/generate_content_free_tier_requests, limit: 20, model: gemini-2.5-flash\nPlease retry in 58.548176508s.', 'status': 'RESOURCE_EXHAUSTED', 'details': [{'@type': 'type.googleapis.com/google.rpc.Help', 'links': [{'description': 'Learn more about Gemini API quotas', 'url': 'https://ai.google.dev/gemini-api/docs/rate-limits'}]}, {'@type': 'type.googleapis.com/google.rpc.QuotaFailure', 'violations': [{'quotaMetric': 'generativelanguage.googleapis.com/generate_content_free_tier_requests', 'quotaId': 'GenerateRequestsPerDayPerProjectPerModel-FreeTier', 'quotaDimensions': {'location': 'global', 'model': 'gemini-2.5-flash'}, 'quotaValue': '20'}]}, {'@type': 'type.googleapis.com/google.rpc.RetryInfo', 'retryDelay': '58s'}]}}
2026-01-13 23:53:11,959,HTTP Request: POST https://generativelanguage.googleapis.com/v1beta/models/gemini-flash-latest:generateContent "HTTP/1.1 200 OK"
2026-01-13 23:53:14,484,HTTP Request: POST https://generativelanguage.googleapis.com/v1beta/models/gemini-flash-latest:generateContent "HTTP/1.1 200 OK"
2026-01-13 23:53:15,232,HTTP Request: POST https://generativelanguage.googleapis.com/v1beta/models/gemini-flash-latest:generateContent "HTTP/1.1 200 OK"
2026-01-13 23:53:15,240,AI analysis complete in 15.52s
2026-01-13 23:59:23,547,Retrying (Retry(total=1, connect=None, read=None, redirect=None, status=None)) after connection broken by 'ReadTimeoutError("HTTPSConnectionPool(host='nominatim.openstreetmap.org', port=443): Read timed out. (read timeout=1)")': /reverse?lat=37.48140368271756&lon=127.05112254152202&format=json&accept-language=ko&addressdetails=1
2026-01-13 23:59:23,820,Retrying (Retry(total=1, connect=None, read=None, redirect=None, status=None)) after connection broken by 'ReadTimeoutError("HTTPSConnectionPool(host='nominatim.openstreetmap.org', port=443): Read timed out. (read timeout=1)")': /reverse?lat=37.48140368271756&lon=127.05112254152202&format=json&accept-language=ko&addressdetails=1
2026-01-13 23:59:25,367,Retrying (Retry(total=0, connect=None, read=None, redirect=None, status=None)) after connection broken by 'ReadTimeoutError("HTTPSConnectionPool(host='nominatim.openstreetmap.org', port=443): Read timed out. (read timeout=1)")': /reverse?lat=37.48140368271756&lon=127.05112254152202&format=json&accept-language=ko&addressdetails=1
2026-01-13 23:59:52,239,Starting AI analysis for 10 restaurants
2026-01-13 23:59:52,239,AFC is enabled with max remote calls: 10.
2026-01-13 23:59:52,240,AFC is enabled with max remote calls: 10.
2026-01-13 23:59:52,241,AFC is enabled with max remote calls: 10.
2026-01-13 23:59:52,241,AFC is enabled with max remote calls: 10.
2026-01-13 23:59:52,241,AFC is enabled with max remote calls: 10.
2026-01-13 23:59:52,776,HTTP Request: POST https://generativelanguage.googleapis.com/v1beta/models/gemini-flash-latest:generateContent "HTTP/1.1 429 Too Many Requests"
2026-01-13 23:59:52,778,Error analyzing 마누테라스: 429 RESOURCE_EXHAUSTED. {'error': {'code': 429, 'message': 'You exceeded your current quota, please check your plan and billing details. For more information on this error, head to: https://ai.google.dev/gemini-api/docs/rate-limits. To monitor your current usage, head to: https://ai.dev/rate-limit. \n* Quota exceeded for metric: generativelanguage.googleapis.com/generate_content_free_tier_requests, limit: 20, model: gemini-2.5-flash\nPlease retry in 7.439585071s.', 'status': 'RESOURCE_EXHAUSTED', 'details': [{'@type': 'type.googleapis.com/google.rpc.Help', 'links': [{'description': 'Learn more about Gemini API quotas', 'url': 'https://ai.google.dev/gemini-api/docs/rate-limits'}]}, {'@type': 'type.googleapis.com/google.rpc.QuotaFailure', 'violations': [{'quotaMetric': 'generativelanguage.googleapis.com/generate_content_free_tier_requests', 'quotaId': 'GenerateRequestsPerDayPerProjectPerModel-FreeTier', 'quotaDimensions': {'location': 'global', 'model': 'gemini-2.5-flash'}, 'quotaValue': '20'}]}, {'@type': 'type.googleapis.com/google.rpc.RetryInfo', 'retryDelay': '7s'}]}}
2026-01-13 23:59:52,778,AFC is enabled with max remote calls: 10.
2026-01-13 23:59:52,927,HTTP Request: POST https://generativelanguage.googleapis.com/v1beta/models/gemini-flash-latest:generateContent "HTTP/1.1 429 Too Many Requests"
2026-01-13 23:59:52,929,Error analyzing 부흥누룽지오리백숙: 429 RESOURCE_EXHAUSTED. {'error': {'code': 429, 'message': 'You exceeded your current quota, please check your plan and billing details. For more information on this error, head to: https://ai.google.dev/gemini-api/docs/rate-limits. To monitor your current usage, head to: https://ai.dev/rate-limit. \n* Quota exceeded for metric: generativelanguage.googleapis.com/generate_content_free_tier_requests, limit: 20, model: gemini-2.5-flash\nPlease retry in 7.282534502s.', 'status': 'RESOURCE_EXHAUSTED', 'details': [{'@type': 'type.googleapis.com/google.rpc.Help', 'links': [{'description': 'Learn more about Gemini API quotas', 'url': 'https://ai.google.dev/gemini-api/docs/rate-limits'}]}, {'@type': 'type.googleapis.com/google.rpc.QuotaFailure', 'violations': [{'quotaMetric': 'generativelanguage.googleapis.com/generate_content_free_tier_requests', 'quotaId': 'GenerateRequestsPerDayPerProjectPerModel-FreeTier', 'quotaDimensions': {'location': 'global', 'model': 'gemini-2.5-flash'}, 'quotaValue': '20'}]}, {'@type': 'type.googleapis.com/google.rpc.RetryInfo', 'retryDelay': '7s'}]}}
2026-01-13 23:59:52,929,AFC is enabled with max remote calls: 10.
2026-01-13 23:59:52,931,HTTP Request: POST https://generativelanguage.googleapis.com/v1beta/models/gemini-flash-latest:generateContent "HTTP/1.1 429 Too Many Requests"
2026-01-13 23:59:52,931,HTTP Request: POST https://generativelanguage.googleapis.com/v1beta/models/gemini-flash-latest:generateContent "HTTP/1.1 429 Too Many Requests"
2026-01-13 23:59:52,933,Error analyzing 카페 그릿 바이 도나홈: 429 RESOURCE_EXHAUSTED. {'error': {'code': 429, 'message': 'You exceeded your current quota, please check your plan and billing details. For more information on this error, head to: https://ai.google.dev/gemini-api/docs/rate-limits. To monitor your current usage, head to: https://ai.dev/rate-limit. \n* Quota exceeded for metric: generativelanguage.googleapis.com/generate_content_free_tier_requests, limit: 20, model: gemini-2.5-flash\nPlease retry in 7.282511752s.', 'status': 'RESOURCE_EXHAUSTED', 'details': [{'@type': 'type.googleapis.com/google.rpc.Help', 'links': [{'description': 'Learn more about Gemini API quotas', 'url': 'https://ai.google.dev/gemini-api/docs/rate-limits'}]}, {'@type': 'type.googleapis.com/google.rpc.QuotaFailure', 'violations': [{'quotaMetric': 'generativelanguage.googleapis.com/generate_content_free_tier_requests', 'quotaId': 'GenerateRequestsPerDayPerProjectPerModel-FreeTier', 'quotaDimensions': {'location': 'global', 'model': 'gemini-2.5-flash'}, 'quotaValue': '20'}]}, {'@type': 'type.googleapis.com/google.rpc.RetryInfo', 'retryDelay': '7s'}]}}
2026-01-13 23:59:52,933,AFC is enabled with max remote calls: 10.
2026-01-13 23:59:52,935,Error analyzing 미에뜨 도곡점: 429 RESOURCE_EXHAUSTED. {'error': {'code': 429, 'message': 'You exceeded your current quota, please check your plan and billing details. For more information on this error, head to: https://ai.google.dev/gemini-api/docs/rate-limits. To monitor your current usage, head to: https://ai.dev/rate-limit. \n* Quota exceeded for metric: generativelanguage.googleapis.com/generate_content_free_tier_requests, limit: 20, model: gemini-2.5-flash\nPlease retry in 7.282547993s.', 'status': 'RESOURCE_EXHAUSTED', 'details': [{'@type': 'type.googleapis.com/google.rpc.Help', 'links': [{'description': 'Learn more about Gemini API quotas', 'url': 'https://ai.google.dev/gemini-api/docs/rate-limits'}]}, {'@type': 'type.googleapis.com/google.rpc.QuotaFailure', 'violations': [{'quotaMetric': 'generativelanguage.googleapis.com/generate_content_free_tier_requests', 'quotaId': 'GenerateRequestsPerDayPerProjectPerModel-FreeTier', 'quotaDimensions': {'location': 'global', 'model': 'gemini-2.5-flash'}, 'quotaValue': '20'}]}, {'@type': 'type.googleapis.com/google.rpc.RetryInfo', 'retryDelay': '7s'}]}}
2026-01-13 23:59:52,935,AFC is enabled with max remote calls: 10.
2026-01-13 23:59:53,084,HTTP Request: POST https://generativelanguage.googleapis.com/v1beta/models/gemini-flash-latest:generateContent "HTTP/1.1 429 Too Many Requests"
2026-01-13 23:59:53,086,Error analyzing 투다리 포이본점: 429 RESOURCE_EXHAUSTED. {'error': {'code': 429, 'message': 'You exceeded your current quota, please check your plan and billing details. For more information on this error, head to: https://ai.google.dev/gemini-api/docs/rate-limits. To monitor your current usage, head to: https://ai.dev/rate-limit. \n* Quota exceeded for metric: generativelanguage.googleapis.com/generate_content_free_tier_requests, limit: 20, model: gemini-2.5-flash\nPlease retry in 7.145021595s.', 'status': 'RESOURCE_EXHAUSTED', 'details': [{'@type': 'type.googleapis.com/google.rpc.Help', 'links': [{'description': 'Learn more about Gemini API quotas', 'url': 'https://ai.google.dev/gemini-api/docs/rate-limits'}]}, {'@type': 'type.googleapis.com/google.rpc.QuotaFailure', 'violations': [{'quotaMetric': 'generativelanguage.googleapis.com/generate_content_free_tier_requests', 'quotaId': 'GenerateRequestsPerDayPerProjectPerModel-FreeTier', 'quotaDimensions': {'location': 'global', 'model': 'gemini-2.5-flash'}, 'quotaValue': '20'}]}, {'@type': 'type.googleapis.com/google.rpc.RetryInfo', 'retryDelay': '7s'}]}}
2026-01-13 23:59:53,086,AFC is enabled with max remote calls: 10.
2026-01-13 23:59:53,215,HTTP Request: POST https://generativelanguage.googleapis.com/v1beta/models/gemini-flash-latest:generateContent "HTTP/1.1 429 Too Many Requests"
2026-01-13 23:59:53,216,Error analyzing 컴포즈커피 강남포이점: 429 RESOURCE_EXHAUSTED. {'error': {'code': 429, 'message': 'You exceeded your current quota, please check your plan and billing details. For more information on this error, head to: https://ai.google.dev/gemini-api/docs/rate-limits. To monitor your current usage, head to: https://ai.dev/rate-limit. \n* Quota exceeded for metric: generativelanguage.googleapis.com/generate_content_free_tier_requests, limit: 20, model: gemini-2.5-flash\nPlease retry in 6.999150513s.', 'status': 'RESOURCE_EXHAUSTED', 'details': [{'@type': 'type.googleapis.com/google.rpc.Help', 'links': [{'description': 'Learn more about Gemini API quotas', 'url': 'https://ai.google.dev/gemini-api/docs/rate-limits'}]}, {'@type': 'type.googleapis.com/google.rpc.QuotaFailure', 'violations': [{'quotaMetric': 'generativelanguage.googleapis.com/generate_content_free_tier_requests', 'quotaId': 'GenerateRequestsPerDayPerProjectPerModel-FreeTier', 'quotaDimensions': {'location': 'global', 'model': 'gemini-2.5-flash'}, 'quotaValue': '20'}]}, {'@type': 'type.googleapis.com/google.rpc.RetryInfo', 'retryDelay': '6s'}]}}
2026-01-13 23:59:53,225,HTTP Request: POST https://generativelanguage.googleapis.com/v1beta/models/gemini-flash-latest:generateContent "HTTP/1.1 429 Too Many Requests"
2026-01-13 23:59:53,228,Error analyzing 스마일명품찹쌀꽈배기 양재2호점: 429 RESOURCE_EXHAUSTED. {'error': {'code': 429, 'message': 'You exceeded your current quota, please check your plan and billing details. For more information on this error, head to: https://ai.google.dev/gemini-api/docs/rate-limits. To monitor your current usage, head to: https://ai.dev/rate-limit. \n* Quota exceeded for metric: generativelanguage.googleapis.com/generate_content_free_tier_requests, limit: 20, model: gemini-2.5-flash\nPlease retry in 6.994080488s.', 'status': 'RESOURCE_EXHAUSTED', 'details': [{'@type': 'type.googleapis.com/google.rpc.Help', 'links': [{'description': 'Learn more about Gemini API quotas', 'url': 'https://ai.google.dev/gemini-api/docs/rate-limits'}]}, {'@type': 'type.googleapis.com/google.rpc.QuotaFailure', 'violations': [{'quotaMetric': 'generativelanguage.googleapis.com/generate_content_free_tier_requests', 'quotaId': 'GenerateRequestsPerDayPerProjectPerModel-FreeTier', 'quotaDimensions': {'location': 'global', 'model': 'gemini-2.5-flash'}, 'quotaValue': '20'}]}, {'@type': 'type.googleapis.com/google.rpc.RetryInfo', 'retryDelay': '6s'}]}}
2026-01-13 23:59:53,245,HTTP Request: POST https://generativelanguage.googleapis.com/v1beta/models/gemini-flash-latest:generateContent "HTTP/1.1 429 Too Many Requests"
2026-01-13 23:59:53,247,Error analyzing 가마치통닭 서울개포점: 429 RESOURCE_EXHAUSTED. {'error': {'code': 429, 'message': 'You exceeded your current quota, please check your plan and billing details. For more information on this error, head to: https://ai.google.dev/gemini-api/docs/rate-limits. To monitor your current usage, head to: https://ai.dev/rate-limit. \n* Quota exceeded for metric: generativelanguage.googleapis.com/generate_content_free_tier_requests, limit: 20, model: gemini-2.5-flash\nPlease retry in 6.974798367s.', 'status': 'RESOURCE_EXHAUSTED', 'details': [{'@type': 'type.googleapis.com/google.rpc.Help', 'links': [{'description': 'Learn more about Gemini API quotas', 'url': 'https://ai.google.dev/gemini-api/docs/rate-limits'}]}, {'@type': 'type.googleapis.com/google.rpc.QuotaFailure', 'violations': [{'quotaMetric': 'generativelanguage.googleapis.com/generate_content_free_tier_requests', 'quotaId': 'GenerateRequestsPerDayPerProjectPerModel-FreeTier', 'quotaDimensions': {'location': 'global', 'model': 'gemini-2.5-flash'}, 'quotaValue': '20'}]}, {'@type': 'type.googleapis.com/google.rpc.RetryInfo', 'retryDelay': '6s'}]}}
2026-01-13 23:59:53,383,HTTP Request: POST https://generativelanguage.googleapis.com/v1beta/models/gemini-flash-latest:generateContent "HTTP/1.1 429 Too Many Requests"
2026-01-13 23:59:53,385,Error analyzing 포이제면소: 429 RESOURCE_EXHAUSTED. {'error': {'code': 429, 'message': 'You exceeded your current quota, please check your plan and billing details. For more information on this error, head to: https://ai.google.dev/gemini-api/docs/rate-limits. To monitor your current usage, head to: https://ai.dev/rate-limit. \n* Quota exceeded for metric: generativelanguage.googleapis.com/generate_content_free_tier_requests, limit: 20, model: gemini-2.5-flash\nPlease retry in 6.832574648s.', 'status': 'RESOURCE_EXHAUSTED', 'details': [{'@type': 'type.googleapis.com/google.rpc.Help', 'links': [{'description': 'Learn more about Gemini API quotas', 'url': 'https://ai.google.dev/gemini-api/docs/rate-limits'}]}, {'@type': 'type.googleapis.com/google.rpc.QuotaFailure', 'violations': [{'quotaMetric': 'generativelanguage.googleapis.com/generate_content_free_tier_requests', 'quotaId': 'GenerateRequestsPerDayPerProjectPerModel-FreeTier', 'quotaDimensions': {'location': 'global', 'model': 'gemini-2.5-flash'}, 'quotaValue': '20'}]}, {'@type': 'type.googleapis.com/google.rpc.RetryInfo', 'retryDelay': '6s'}]}}
2026-01-14 00:00:05,619,HTTP Request: POST https://generativelanguage.googleapis.com/v1beta/models/gemini-flash-latest:generateContent "HTTP/1.1 200 OK"
2026-01-14 00:00:05,625,AI analysis complete in 13.39s
2026-01-14 00:00:31,116,Retrying (Retry(total=1, connect=None, read=None, redirect=None, status=None)) after connection broken by 'ReadTimeoutError("HTTPSConnectionPool(host='nominatim.openstreetmap.org', port=443): Read timed out. (read timeout=1)")': /reverse?lat=37.481437666090216&lon=127.05107115586071&format=json&accept-language=ko&addressdetails=1
2026-01-14 00:00:33,735,Retrying (Retry(total=1, connect=None, read=None, redirect=None, status=None)) after connection broken by 'ReadTimeoutError("HTTPSConnectionPool(host='nominatim.openstreetmap.org', port=443): Read timed out. (read timeout=1)")': /reverse?lat=37.481437666090216&lon=127.05107115586071&format=json&accept-language=ko&addressdetails=1
2026-01-14 00:00:35,297,Retrying (Retry(total=0, connect=None, read=None, redirect=None, status=None)) after connection broken by 'ReadTimeoutError("HTTPSConnectionPool(host='nominatim.openstreetmap.org', port=443): Read timed out. (read timeout=1)")': /reverse?lat=37.481437666090216&lon=127.05107115586071&format=json&accept-language=ko&addressdetails=1
2026-01-14 00:00:38,313,Retrying (Retry(total=1, connect=None, read=None, redirect=None, status=None)) after connection broken by 'ReadTimeoutError("HTTPSConnectionPool(host='nominatim.openstreetmap.org', port=443): Read timed out. (read timeout=1)")': /reverse?lat=37.481437666090216&lon=127.05107115586071&format=json&accept-language=ko&addressdetails=1
2026-01-14 00:00:45,372,Retrying (Retry(total=1, connect=None, read=None, redirect=None, status=None)) after connection broken by 'ReadTimeoutError("HTTPSConnectionPool(host='nominatim.openstreetmap.org', port=443): Read timed out. (read timeout=1)")': /reverse?lat=37.481437666090216&lon=127.05107115586071&format=json&accept-language=ko&addressdetails=1
2026-01-14 00:00:46,925,Retrying (Retry(total=0, connect=None, read=None, redirect=None, status=None)) after connection broken by 'ReadTimeoutError("HTTPSConnectionPool(host='nominatim.openstreetmap.org', port=443): Read timed out. (read timeout=1)")': /reverse?lat=37.481437666090216&lon=127.05107115586071&format=json&accept-language=ko&addressdetails=1
2026-01-14 00:00:50,219,Retrying (Retry(total=1, connect=None, read=None, redirect=None, status=None)) after connection broken by 'ReadTimeoutError("HTTPSConnectionPool(host='nominatim.openstreetmap.org', port=443): Read timed out. (read timeout=1)")': /reverse?lat=37.481437666090216&lon=127.05107115586071&format=json&accept-language=ko&addressdetails=1
2026-01-14 00:00:53,103,Retrying (Retry(total=1, connect=None, read=None, redirect=None, status=None)) after connection broken by 'ReadTimeoutError("HTTPSConnectionPool(host='nominatim.openstreetmap.org', port=443): Read timed out. (read timeout=1)")': /reverse?lat=37.481437666090216&lon=127.05107115586071&format=json&accept-language=ko&addressdetails=1
2026-01-14 00:01:19,721,Retrying (Retry(total=1, connect=None, read=None, redirect=None, status=None)) after connection broken by 'ReadTimeoutError("HTTPSConnectionPool(host='nominatim.openstreetmap.org', port=443): Read timed out. (read timeout=1)")': /reverse?lat=37.481437666090216&lon=127.05107115586071&format=json&accept-language=ko&addressdetails=1
2026-01-14 00:01:22,956,Retrying (Retry(total=1, connect=None, read=None, redirect=None, status=None)) after connection broken by 'ReadTimeoutError("HTTPSConnectionPool(host='nominatim.openstreetmap.org', port=443): Read timed out. (read timeout=1)")': /reverse?lat=37.481437666090216&lon=127.05107115586071&format=json&accept-language=ko&addressdetails=1
2026-01-14 00:01:24,478,Retrying (Retry(total=0, connect=None, read=None, redirect=None, status=None)) after connection broken by 'ReadTimeoutError("HTTPSConnectionPool(host='nominatim.openstreetmap.org', port=443): Read timed out. (read timeout=1)")': /reverse?lat=37.481437666090216&lon=127.05107115586071&format=json&accept-language=ko&addressdetails=1
2026-01-14 00:01:24,544,Retrying (Retry(total=1, connect=None, read=None, redirect=None, status=None)) after connection broken by 'ReadTimeoutError("HTTPSConnectionPool(host='nominatim.openstreetmap.org', port=443): Read timed out. (read timeout=1)")': /reverse?lat=37.481437666090216&lon=127.05107115586071&format=json&accept-language=ko&addressdetails=1
2026-01-14 00:01:26,073,Retrying (Retry(total=0, connect=None, read=None, redirect=None, status=None)) after connection broken by 'ReadTimeoutError("HTTPSConnectionPool(host='nominatim.openstreetmap.org', port=443): Read timed out. (read timeout=1)")': /reverse?lat=37.481437666090216&lon=127.05107115586071&format=json&accept-language=ko&addressdetails=1
2026-01-14 00:07:42,791,Starting AI analysis for 10 restaurants
2026-01-14 00:07:42,791,AFC is enabled with max remote calls: 10.
2026-01-14 00:07:42,792,AFC is enabled with max remote calls: 10.
2026-01-14 00:07:42,793,AFC is enabled with max remote calls: 10.
2026-01-14 00:07:43,329,HTTP Request: POST https://generativelanguage.googleapis.com/v1beta/models/gemini-flash-latest:generateContent "HTTP/1.1 429 Too Many Requests"
2026-01-14 00:07:43,330,Error analyzing 컴포즈커피 개포구룡초교점: 429 RESOURCE_EXHAUSTED. {'error': {'code': 429, 'message': 'You exceeded your current quota, please check your plan and billing details. For more information on this error, head to: https://ai.google.dev/gemini-api/docs/rate-limits. To monitor your current usage, head to: https://ai.dev/rate-limit. \n* Quota exceeded for metric: generativelanguage.googleapis.com/generate_content_free_tier_requests, limit: 20, model: gemini-2.5-flash\nPlease retry in 16.883420164s.', 'status': 'RESOURCE_EXHAUSTED', 'details': [{'@type': 'type.googleapis.com/google.rpc.Help', 'links': [{'description': 'Learn more about Gemini API quotas', 'url': 'https://ai.google.dev/gemini-api/docs/rate-limits'}]}, {'@type': 'type.googleapis.com/google.rpc.QuotaFailure', 'violations': [{'quotaMetric': 'generativelanguage.googleapis.com/generate_content_free_tier_requests', 'quotaId': 'GenerateRequestsPerDayPerProjectPerModel-FreeTier', 'quotaDimensions': {'location': 'global', 'model': 'gemini-2.5-flash'}, 'quotaValue': '20'}]}, {'@type': 'type.googleapis.com/google.rpc.RetryInfo', 'retryDelay': '16s'}]}}
2026-01-14 00:07:43,330,AFC is enabled with max remote calls: 10.
2026-01-14 00:07:43,342,HTTP Request: POST https://generativelanguage.googleapis.com/v1beta/models/gemini-flash-latest:generateContent "HTTP/1.1 429 Too Many Requests"
2026-01-14 00:07:43,343,Error analyzing 오늘그릴: 429 RESOURCE_EXHAUSTED. {'error': {'code': 429, 'message': 'You exceeded your current quota, please check your plan and billing details. For more information on this error, head to: https://ai.google.dev/gemini-api/docs/rate-limits. To monitor your current usage, head to: https://ai.dev/rate-limit. \n* Quota exceeded for metric: generativelanguage.googleapis.com/generate_content_free_tier_requests, limit: 20, model: gemini-2.5-flash\nPlease retry in 16.883213636s.', 'status': 'RESOURCE_EXHAUSTED', 'details': [{'@type': 'type.googleapis.com/google.rpc.Help', 'links': [{'description': 'Learn more about Gemini API quotas', 'url': 'https://ai.google.dev/gemini-api/docs/rate-limits'}]}, {'@type': 'type.googleapis.com/google.rpc.QuotaFailure', 'violations': [{'quotaMetric': 'generativelanguage.googleapis.com/generate_content_free_tier_requests', 'quotaId': 'GenerateRequestsPerDayPerProjectPerModel-FreeTier', 'quotaDimensions': {'location': 'global', 'model': 'gemini-2.5-flash'}, 'quotaValue': '20'}]}, {'@type': 'type.googleapis.com/google.rpc.RetryInfo', 'retryDelay': '16s'}]}}
2026-01-14 00:07:43,343,AFC is enabled with max remote calls: 10.
2026-01-14 00:07:43,500,HTTP Request: POST https://generativelanguage.googleapis.com/v1beta/models/gemini-flash-latest:generateContent "HTTP/1.1 429 Too Many Requests"
2026-01-14 00:07:43,501,Error analyzing 전주콩나물국밥 개포점: 429 RESOURCE_EXHAUSTED. {'error': {'code': 429, 'message': 'You exceeded your current quota, please check your plan and billing details. For more information on this error, head to: https://ai.google.dev/gemini-api/docs/rate-limits. To monitor your current usage, head to: https://ai.dev/rate-limit. \n* Quota exceeded for metric: generativelanguage.googleapis.com/generate_content_free_tier_requests, limit: 20, model: gemini-2.5-flash\nPlease retry in 16.726325538s.', 'status': 'RESOURCE_EXHAUSTED', 'details': [{'@type': 'type.googleapis.com/google.rpc.Help', 'links': [{'description': 'Learn more about Gemini API quotas', 'url': 'https://ai.google.dev/gemini-api/docs/rate-limits'}]}, {'@type': 'type.googleapis.com/google.rpc.QuotaFailure', 'violations': [{'quotaMetric': 'generativelanguage.googleapis.com/generate_content_free_tier_requests', 'quotaId': 'GenerateRequestsPerDayPerProjectPerModel-FreeTier', 'quotaDimensions': {'location': 'global', 'model': 'gemini-2.5-flash'}, 'quotaValue': '20'}]}, {'@type': 'type.googleapis.com/google.rpc.RetryInfo', 'retryDelay': '16s'}]}}
2026-01-14 00:07:43,501,AFC is enabled with max remote calls: 10.
2026-01-14 00:07:43,631,HTTP Request: POST https://generativelanguage.googleapis.com/v1beta/models/gemini-flash-latest:generateContent "HTTP/1.1 429 Too Many Requests"
2026-01-14 00:07:43,632,Error analyzing 소풍가는날두번째이야기: 429 RESOURCE_EXHAUSTED. {'error': {'code': 429, 'message': 'You exceeded your current quota, please check your plan and billing details. For more information on this error, head to: https://ai.google.dev/gemini-api/docs/rate-limits. To monitor your current usage, head to: https://ai.dev/rate-limit. \n* Quota exceeded for metric: generativelanguage.googleapis.com/generate_content_free_tier_requests, limit: 20, model: gemini-2.5-flash\nPlease retry in 16.577126101s.', 'status': 'RESOURCE_EXHAUSTED', 'details': [{'@type': 'type.googleapis.com/google.rpc.Help', 'links': [{'description': 'Learn more about Gemini API quotas', 'url': 'https://ai.google.dev/gemini-api/docs/rate-limits'}]}, {'@type': 'type.googleapis.com/google.rpc.QuotaFailure', 'violations': [{'quotaMetric': 'generativelanguage.googleapis.com/generate_content_free_tier_requests', 'quotaId': 'GenerateRequestsPerDayPerProjectPerModel-FreeTier', 'quotaDimensions': {'location': 'global', 'model': 'gemini-2.5-flash'}, 'quotaValue': '20'}]}, {'@type': 'type.googleapis.com/google.rpc.RetryInfo', 'retryDelay': '16s'}]}}
2026-01-14 00:07:43,632,AFC is enabled with max remote calls: 10.
2026-01-14 00:07:43,638,HTTP Request: POST https://generativelanguage.googleapis.com/v1beta/models/gemini-flash-latest:generateContent "HTTP/1.1 429 Too Many Requests"
2026-01-14 00:07:43,640,Error analyzing 가마치통닭 서울개포점: 429 RESOURCE_EXHAUSTED. {'error': {'code': 429, 'message': 'You exceeded your current quota, please check your plan and billing details. For more information on this error, head to: https://ai.google.dev/gemini-api/docs/rate-limits. To monitor your current usage, head to: https://ai.dev/rate-limit. \n* Quota exceeded for metric: generativelanguage.googleapis.com/generate_content_free_tier_requests, limit: 20, model: gemini-2.5-flash\nPlease retry in 16.574518056s.', 'status': 'RESOURCE_EXHAUSTED', 'details': [{'@type': 'type.googleapis.com/google.rpc.Help', 'links': [{'description': 'Learn more about Gemini API quotas', 'url': 'https://ai.google.dev/gemini-api/docs/rate-limits'}]}, {'@type': 'type.googleapis.com/google.rpc.QuotaFailure', 'violations': [{'quotaMetric': 'generativelanguage.googleapis.com/generate_content_free_tier_requests', 'quotaId': 'GenerateRequestsPerDayPerProjectPerModel-FreeTier', 'quotaDimensions': {'location': 'global', 'model': 'gemini-2.5-flash'}, 'quotaValue': '20'}]}, {'@type': 'type.googleapis.com/google.rpc.RetryInfo', 'retryDelay': '16s'}]}}
2026-01-14 00:07:43,640,AFC is enabled with max remote calls: 10.
2026-01-14 00:07:43,813,HTTP Request: POST https://generativelanguage.googleapis.com/v1beta/models/gemini-flash-latest:generateContent "HTTP/1.1 429 Too Many Requests"
2026-01-14 00:07:43,814,Error analyzing 잭슨피자 개포점: 429 RESOURCE_EXHAUSTED. {'error': {'code': 429, 'message': 'You exceeded your current quota, please check your plan and billing details. For more information on this error, head to: https://ai.google.dev/gemini-api/docs/rate-limits. To monitor your current usage, head to: https://ai.dev/rate-limit. \n* Quota exceeded for metric: generativelanguage.googleapis.com/generate_content_free_tier_requests, limit: 20, model: gemini-2.5-flash\nPlease retry in 16.410107877s.', 'status': 'RESOURCE_EXHAUSTED', 'details': [{'@type': 'type.googleapis.com/google.rpc.Help', 'links': [{'description': 'Learn more about Gemini API quotas', 'url': 'https://ai.google.dev/gemini-api/docs/rate-limits'}]}, {'@type': 'type.googleapis.com/google.rpc.QuotaFailure', 'violations': [{'quotaMetric': 'generativelanguage.googleapis.com/generate_content_free_tier_requests', 'quotaId': 'GenerateRequestsPerDayPerProjectPerModel-FreeTier', 'quotaDimensions': {'model': 'gemini-2.5-flash', 'location': 'global'}, 'quotaValue': '20'}]}, {'@type': 'type.googleapis.com/google.rpc.RetryInfo', 'retryDelay': '16s'}]}}
2026-01-14 00:07:43,814,AFC is enabled with max remote calls: 10.
2026-01-14 00:07:43,917,HTTP Request: POST https://generativelanguage.googleapis.com/v1beta/models/gemini-flash-latest:generateContent "HTTP/1.1 429 Too Many Requests"
2026-01-14 00:07:43,917,Error analyzing 봉화장: 429 RESOURCE_EXHAUSTED. {'error': {'code': 429, 'message': 'You exceeded your current quota, please check your plan and billing details. For more information on this error, head to: https://ai.google.dev/gemini-api/docs/rate-limits. To monitor your current usage, head to: https://ai.dev/rate-limit. \n* Quota exceeded for metric: generativelanguage.googleapis.com/generate_content_free_tier_requests, limit: 20, model: gemini-2.5-flash\nPlease retry in 16.286361425s.', 'status': 'RESOURCE_EXHAUSTED', 'details': [{'@type': 'type.googleapis.com/google.rpc.Help', 'links': [{'description': 'Learn more about Gemini API quotas', 'url': 'https://ai.google.dev/gemini-api/docs/rate-limits'}]}, {'@type': 'type.googleapis.com/google.rpc.QuotaFailure', 'violations': [{'quotaMetric': 'generativelanguage.googleapis.com/generate_content_free_tier_requests', 'quotaId': 'GenerateRequestsPerDayPerProjectPerModel-FreeTier', 'quotaDimensions': {'location': 'global', 'model': 'gemini-2.5-flash'}, 'quotaValue': '20'}]}, {'@type': 'type.googleapis.com/google.rpc.RetryInfo', 'retryDelay': '16s'}]}}
2026-01-14 00:07:43,918,AFC is enabled with max remote calls: 10.
2026-01-14 00:07:43,940,HTTP Request: POST https://generativelanguage.googleapis.com/v1beta/models/gemini-flash-latest:generateContent "HTTP/1.1 429 Too Many Requests"
2026-01-14 00:07:43,940,Error analyzing 카페 그릿 바이 도나홈: 429 RESOURCE_EXHAUSTED. {'error': {'code': 429, 'message': 'You exceeded your current quota, please check your plan and billing details. For more information on this error, head to: https://ai.google.dev/gemini-api/docs/rate-limits. To monitor your current usage, head to: https://ai.dev/rate-limit. \n* Quota exceeded for metric: generativelanguage.googleapis.com/generate_content_free_tier_requests, limit: 20, model: gemini-2.5-flash\nPlease retry in 16.278258733s.', 'status': 'RESOURCE_EXHAUSTED', 'details': [{'@type': 'type.googleapis.com/google.rpc.Help', 'links': [{'description': 'Learn more about Gemini API quotas', 'url': 'https://ai.google.dev/gemini-api/docs/rate-limits'}]}, {'@type': 'type.googleapis.com/google.rpc.QuotaFailure', 'violations': [{'quotaMetric': 'generativelanguage.googleapis.com/generate_content_free_tier_requests', 'quotaId': 'GenerateRequestsPerDayPerProjectPerModel-FreeTier', 'quotaDimensions': {'location': 'global', 'model': 'gemini-2.5-flash'}, 'quotaValue': '20'}]}, {'@type': 'type.googleapis.com/google.rpc.RetryInfo', 'retryDelay': '16s'}]}}
2026-01-14 00:07:44,106,HTTP Request: POST https://generativelanguage.googleapis.com/v1beta/models/gemini-flash-latest:generateContent "HTTP/1.1 429 Too Many Requests"
2026-01-14 00:07:44,107,Error analyzing 돈바치: 429 RESOURCE_EXHAUSTED. {'error': {'code': 429, 'message': 'You exceeded your current quota, please check your plan and billing details. For more information on this error, head to: https://ai.google.dev/gemini-api/docs/rate-limits. To monitor your current usage, head to: https://ai.dev/rate-limit. \n* Quota exceeded for metric: generativelanguage.googleapis.com/generate_content_free_tier_requests, limit: 20, model: gemini-2.5-flash\nPlease retry in 16.106142421s.', 'status': 'RESOURCE_EXHAUSTED', 'details': [{'@type': 'type.googleapis.com/google.rpc.Help', 'links': [{'description': 'Learn more about Gemini API quotas', 'url': 'https://ai.google.dev/gemini-api/docs/rate-limits'}]}, {'@type': 'type.googleapis.com/google.rpc.QuotaFailure', 'violations': [{'quotaMetric': 'generativelanguage.googleapis.com/generate_content_free_tier_requests', 'quotaId': 'GenerateRequestsPerDayPerProjectPerModel-FreeTier', 'quotaDimensions': {'location': 'global', 'model': 'gemini-2.5-flash'}, 'quotaValue': '20'}]}, {'@type': 'type.googleapis.com/google.rpc.RetryInfo', 'retryDelay': '16s'}]}}
2026-01-14 00:07:44,208,HTTP Request: POST https://generativelanguage.googleapis.com/v1beta/models/gemini-flash-latest:generateContent "HTTP/1.1 429 Too Many Requests"
2026-01-14 00:07:44,209,Error analyzing 발코니키친: 429 RESOURCE_EXHAUSTED. {'error': {'code': 429, 'message': 'You exceeded your current quota, please check your plan and billing details. For more information on this error, head to: https://ai.google.dev/gemini-api/docs/rate-limits. To monitor your current usage, head to: https://ai.dev/rate-limit. \n* Quota exceeded for metric: generativelanguage.googleapis.com/generate_content_free_tier_requests, limit: 20, model: gemini-2.5-flash\nPlease retry in 16.004910413s.', 'status': 'RESOURCE_EXHAUSTED', 'details': [{'@type': 'type.googleapis.com/google.rpc.Help', 'links': [{'description': 'Learn more about Gemini API quotas', 'url': 'https://ai.google.dev/gemini-api/docs/rate-limits'}]}, {'@type': 'type.googleapis.com/google.rpc.QuotaFailure', 'violations': [{'quotaMetric': 'generativelanguage.googleapis.com/generate_content_free_tier_requests', 'quotaId': 'GenerateRequestsPerDayPerProjectPerModel-FreeTier', 'quotaDimensions': {'location': 'global', 'model': 'gemini-2.5-flash'}, 'quotaValue': '20'}]}, {'@type': 'type.googleapis.com/google.rpc.RetryInfo', 'retryDelay': '16s'}]}}
2026-01-14 00:07:44,210,No successful restaurant analyses
2026-01-14 00:11:51,216,Starting AI analysis for 10 restaurants
2026-01-14 00:11:51,216,AFC is enabled with max remote calls: 10.
2026-01-14 00:11:51,217,AFC is enabled with max remote calls: 10.
2026-01-14 00:11:51,218,AFC is enabled with max remote calls: 10.
2026-01-14 00:11:51,761,HTTP Request: POST https://generativelanguage.googleapis.com/v1beta/models/gemini-flash-latest:generateContent "HTTP/1.1 429 Too Many Requests"
2026-01-14 00:11:51,762,Error analyzing 돈바치: 429 RESOURCE_EXHAUSTED. {'error': {'code': 429, 'message': 'You exceeded your current quota, please check your plan and billing details. For more information on this error, head to: https://ai.google.dev/gemini-api/docs/rate-limits. To monitor your current usage, head to: https://ai.dev/rate-limit. \n* Quota exceeded for metric: generativelanguage.googleapis.com/generate_content_free_tier_requests, limit: 20, model: gemini-2.5-flash\nPlease retry in 8.456029819s.', 'status': 'RESOURCE_EXHAUSTED', 'details': [{'@type': 'type.googleapis.com/google.rpc.Help', 'links': [{'description': 'Learn more about Gemini API quotas', 'url': 'https://ai.google.dev/gemini-api/docs/rate-limits'}]}, {'@type': 'type.googleapis.com/google.rpc.QuotaFailure', 'violations': [{'quotaMetric': 'generativelanguage.googleapis.com/generate_content_free_tier_requests', 'quotaId': 'GenerateRequestsPerDayPerProjectPerModel-FreeTier', 'quotaDimensions': {'location': 'global', 'model': 'gemini-2.5-flash'}, 'quotaValue': '20'}]}, {'@type': 'type.googleapis.com/google.rpc.RetryInfo', 'retryDelay': '8s'}]}}
2026-01-14 00:11:51,762,AFC is enabled with max remote calls: 10.
2026-01-14 00:11:51,769,HTTP Request: POST https://generativelanguage.googleapis.com/v1beta/models/gemini-flash-latest:generateContent "HTTP/1.1 429 Too Many Requests"
2026-01-14 00:11:51,770,Error analyzing 만나떡볶이: 429 RESOURCE_EXHAUSTED. {'error': {'code': 429, 'message': 'You exceeded your current quota, please check your plan and billing details. For more information on this error, head to: https://ai.google.dev/gemini-api/docs/rate-limits. To monitor your current usage, head to: https://ai.dev/rate-limit. \n* Quota exceeded for metric: generativelanguage.googleapis.com/generate_content_free_tier_requests, limit: 20, model: gemini-2.5-flash\nPlease retry in 8.456616046s.', 'status': 'RESOURCE_EXHAUSTED', 'details': [{'@type': 'type.googleapis.com/google.rpc.Help', 'links': [{'description': 'Learn more about Gemini API quotas', 'url': 'https://ai.google.dev/gemini-api/docs/rate-limits'}]}, {'@type': 'type.googleapis.com/google.rpc.QuotaFailure', 'violations': [{'quotaMetric': 'generativelanguage.googleapis.com/generate_content_free_tier_requests', 'quotaId': 'GenerateRequestsPerDayPerProjectPerModel-FreeTier', 'quotaDimensions': {'location': 'global', 'model': 'gemini-2.5-flash'}, 'quotaValue': '20'}]}, {'@type': 'type.googleapis.com/google.rpc.RetryInfo', 'retryDelay': '8s'}]}}
2026-01-14 00:11:51,770,AFC is enabled with max remote calls: 10.
2026-01-14 00:11:51,914,HTTP Request: POST https://generativelanguage.googleapis.com/v1beta/models/gemini-flash-latest:generateContent "HTTP/1.1 429 Too Many Requests"
2026-01-14 00:11:51,915,Error analyzing 제주왕솥뚜껑삼겹살: 429 RESOURCE_EXHAUSTED. {'error': {'code': 429, 'message': 'You exceeded your current quota, please check your plan and billing details. For more information on this error, head to: https://ai.google.dev/gemini-api/docs/rate-limits. To monitor your current usage, head to: https://ai.dev/rate-limit. \n* Quota exceeded for metric: generativelanguage.googleapis.com/generate_content_free_tier_requests, limit: 20, model: gemini-2.5-flash\nPlease retry in 8.297128553s.', 'status': 'RESOURCE_EXHAUSTED', 'details': [{'@type': 'type.googleapis.com/google.rpc.Help', 'links': [{'description': 'Learn more about Gemini API quotas', 'url': 'https://ai.google.dev/gemini-api/docs/rate-limits'}]}, {'@type': 'type.googleapis.com/google.rpc.QuotaFailure', 'violations': [{'quotaMetric': 'generativelanguage.googleapis.com/generate_content_free_tier_requests', 'quotaId': 'GenerateRequestsPerDayPerProjectPerModel-FreeTier', 'quotaDimensions': {'location': 'global', 'model': 'gemini-2.5-flash'}, 'quotaValue': '20'}]}, {'@type': 'type.googleapis.com/google.rpc.RetryInfo', 'retryDelay': '8s'}]}}
2026-01-14 00:11:51,915,AFC is enabled with max remote calls: 10.
2026-01-14 00:11:52,047,HTTP Request: POST https://generativelanguage.googleapis.com/v1beta/models/gemini-flash-latest:generateContent "HTTP/1.1 429 Too Many Requests"
2026-01-14 00:11:52,049,Error analyzing 퍼지 타운(Fudge Town): 429 RESOURCE_EXHAUSTED. {'error': {'code': 429, 'message': 'You exceeded your current quota, please check your plan and billing details. For more information on this error, head to: https://ai.google.dev/gemini-api/docs/rate-limits. To monitor your current usage, head to: https://ai.dev/rate-limit. \n* Quota exceeded for metric: generativelanguage.googleapis.com/generate_content_free_tier_requests, limit: 20, model: gemini-2.5-flash\nPlease retry in 8.163904554s.', 'status': 'RESOURCE_EXHAUSTED', 'details': [{'@type': 'type.googleapis.com/google.rpc.Help', 'links': [{'description': 'Learn more about Gemini API quotas', 'url': 'https://ai.google.dev/gemini-api/docs/rate-limits'}]}, {'@type': 'type.googleapis.com/google.rpc.QuotaFailure', 'violations': [{'quotaMetric': 'generativelanguage.googleapis.com/generate_content_free_tier_requests', 'quotaId': 'GenerateRequestsPerDayPerProjectPerModel-FreeTier', 'quotaDimensions': {'model': 'gemini-2.5-flash', 'location': 'global'}, 'quotaValue': '20'}]}, {'@type': 'type.googleapis.com/google.rpc.RetryInfo', 'retryDelay': '8s'}]}}
2026-01-14 00:11:52,049,AFC is enabled with max remote calls: 10.
2026-01-14 00:11:52,064,HTTP Request: POST https://generativelanguage.googleapis.com/v1beta/models/gemini-flash-latest:generateContent "HTTP/1.1 429 Too Many Requests"
2026-01-14 00:11:52,065,Error analyzing 명가바지락칼국수: 429 RESOURCE_EXHAUSTED. {'error': {'code': 429, 'message': 'You exceeded your current quota, please check your plan and billing details. For more information on this error, head to: https://ai.google.dev/gemini-api/docs/rate-limits. To monitor your current usage, head to: https://ai.dev/rate-limit. \n* Quota exceeded for metric: generativelanguage.googleapis.com/generate_content_free_tier_requests, limit: 20, model: gemini-2.5-flash\nPlease retry in 8.153268386s.', 'status': 'RESOURCE_EXHAUSTED', 'details': [{'@type': 'type.googleapis.com/google.rpc.Help', 'links': [{'description': 'Learn more about Gemini API quotas', 'url': 'https://ai.google.dev/gemini-api/docs/rate-limits'}]}, {'@type': 'type.googleapis.com/google.rpc.QuotaFailure', 'violations': [{'quotaMetric': 'generativelanguage.googleapis.com/generate_content_free_tier_requests', 'quotaId': 'GenerateRequestsPerDayPerProjectPerModel-FreeTier', 'quotaDimensions': {'location': 'global', 'model': 'gemini-2.5-flash'}, 'quotaValue': '20'}]}, {'@type': 'type.googleapis.com/google.rpc.RetryInfo', 'retryDelay': '8s'}]}}
2026-01-14 00:11:52,065,AFC is enabled with max remote calls: 10.
2026-01-14 00:11:52,206,HTTP Request: POST https://generativelanguage.googleapis.com/v1beta/models/gemini-flash-latest:generateContent "HTTP/1.1 429 Too Many Requests"
2026-01-14 00:11:52,207,Error analyzing 부흥누룽지오리백숙: 429 RESOURCE_EXHAUSTED. {'error': {'code': 429, 'message': 'You exceeded your current quota, please check your plan and billing details. For more information on this error, head to: https://ai.google.dev/gemini-api/docs/rate-limits. To monitor your current usage, head to: https://ai.dev/rate-limit. \n* Quota exceeded for metric: generativelanguage.googleapis.com/generate_content_free_tier_requests, limit: 20, model: gemini-2.5-flash\nPlease retry in 8.01007715s.', 'status': 'RESOURCE_EXHAUSTED', 'details': [{'@type': 'type.googleapis.com/google.rpc.Help', 'links': [{'description': 'Learn more about Gemini API quotas', 'url': 'https://ai.google.dev/gemini-api/docs/rate-limits'}]}, {'@type': 'type.googleapis.com/google.rpc.QuotaFailure', 'violations': [{'quotaMetric': 'generativelanguage.googleapis.com/generate_content_free_tier_requests', 'quotaId': 'GenerateRequestsPerDayPerProjectPerModel-FreeTier', 'quotaDimensions': {'location': 'global', 'model': 'gemini-2.5-flash'}, 'quotaValue': '20'}]}, {'@type': 'type.googleapis.com/google.rpc.RetryInfo', 'retryDelay': '8s'}]}}
2026-01-14 00:11:52,208,AFC is enabled with max remote calls: 10.
2026-01-14 00:11:52,348,HTTP Request: POST https://generativelanguage.googleapis.com/v1beta/models/gemini-flash-latest:generateContent "HTTP/1.1 429 Too Many Requests"
2026-01-14 00:11:52,349,Error analyzing 커스텀커피 개포래미안포레스트점: 429 RESOURCE_EXHAUSTED. {'error': {'code': 429, 'message': 'You exceeded your current quota, please check your plan and billing details. For more information on this error, head to: https://ai.google.dev/gemini-api/docs/rate-limits. To monitor your current usage, head to: https://ai.dev/rate-limit. \n* Quota exceeded for metric: generativelanguage.googleapis.com/generate_content_free_tier_requests, limit: 20, model: gemini-2.5-flash\nPlease retry in 7.872569476s.', 'status': 'RESOURCE_EXHAUSTED', 'details': [{'@type': 'type.googleapis.com/google.rpc.Help', 'links': [{'description': 'Learn more about Gemini API quotas', 'url': 'https://ai.google.dev/gemini-api/docs/rate-limits'}]}, {'@type': 'type.googleapis.com/google.rpc.QuotaFailure', 'violations': [{'quotaMetric': 'generativelanguage.googleapis.com/generate_content_free_tier_requests', 'quotaId': 'GenerateRequestsPerDayPerProjectPerModel-FreeTier', 'quotaDimensions': {'location': 'global', 'model': 'gemini-2.5-flash'}, 'quotaValue': '20'}]}, {'@type': 'type.googleapis.com/google.rpc.RetryInfo', 'retryDelay': '7s'}]}}
2026-01-14 00:11:52,350,AFC is enabled with max remote calls: 10.
2026-01-14 00:11:52,360,HTTP Request: POST https://generativelanguage.googleapis.com/v1beta/models/gemini-flash-latest:generateContent "HTTP/1.1 429 Too Many Requests"
2026-01-14 00:11:52,361,Error analyzing 오마뎅 개포래미안포레스트점: 429 RESOURCE_EXHAUSTED. {'error': {'code': 429, 'message': 'You exceeded your current quota, please check your plan and billing details. For more information on this error, head to: https://ai.google.dev/gemini-api/docs/rate-limits. To monitor your current usage, head to: https://ai.dev/rate-limit. \n* Quota exceeded for metric: generativelanguage.googleapis.com/generate_content_free_tier_requests, limit: 20, model: gemini-2.5-flash\nPlease retry in 7.863708277s.', 'status': 'RESOURCE_EXHAUSTED', 'details': [{'@type': 'type.googleapis.com/google.rpc.Help', 'links': [{'description': 'Learn more about Gemini API quotas', 'url': 'https://ai.google.dev/gemini-api/docs/rate-limits'}]}, {'@type': 'type.googleapis.com/google.rpc.QuotaFailure', 'violations': [{'quotaMetric': 'generativelanguage.googleapis.com/generate_content_free_tier_requests', 'quotaId': 'GenerateRequestsPerDayPerProjectPerModel-FreeTier', 'quotaDimensions': {'location': 'global', 'model': 'gemini-2.5-flash'}, 'quotaValue': '20'}]}, {'@type': 'type.googleapis.com/google.rpc.RetryInfo', 'retryDelay': '7s'}]}}
2026-01-14 00:11:52,513,HTTP Request: POST https://generativelanguage.googleapis.com/v1beta/models/gemini-flash-latest:generateContent "HTTP/1.1 429 Too Many Requests"
2026-01-14 00:11:52,515,Error analyzing 라피노: 429 RESOURCE_EXHAUSTED. {'error': {'code': 429, 'message': 'You exceeded your current quota, please check your plan and billing details. For more information on this error, head to: https://ai.google.dev/gemini-api/docs/rate-limits. To monitor your current usage, head to: https://ai.dev/rate-limit. \n* Quota exceeded for metric: generativelanguage.googleapis.com/generate_content_free_tier_requests, limit: 20, model: gemini-2.5-flash\nPlease retry in 7.715886582s.', 'status': 'RESOURCE_EXHAUSTED', 'details': [{'@type': 'type.googleapis.com/google.rpc.Help', 'links': [{'description': 'Learn more about Gemini API quotas', 'url': 'https://ai.google.dev/gemini-api/docs/rate-limits'}]}, {'@type': 'type.googleapis.com/google.rpc.QuotaFailure', 'violations': [{'quotaMetric': 'generativelanguage.googleapis.com/generate_content_free_tier_requests', 'quotaId': 'GenerateRequestsPerDayPerProjectPerModel-FreeTier', 'quotaDimensions': {'location': 'global', 'model': 'gemini-2.5-flash'}, 'quotaValue': '20'}]}, {'@type': 'type.googleapis.com/google.rpc.RetryInfo', 'retryDelay': '7s'}]}}
2026-01-14 00:11:52,639,HTTP Request: POST https://generativelanguage.googleapis.com/v1beta/models/gemini-flash-latest:generateContent "HTTP/1.1 429 Too Many Requests"
2026-01-14 00:11:52,640,Error analyzing 조이하우스: 429 RESOURCE_EXHAUSTED. {'error': {'code': 429, 'message': 'You exceeded your current quota, please check your plan and billing details. For more information on this error, head to: https://ai.google.dev/gemini-api/docs/rate-limits. To monitor your current usage, head to: https://ai.dev/rate-limit. \n* Quota exceeded for metric: generativelanguage.googleapis.com/generate_content_free_tier_requests, limit: 20, model: gemini-2.5-flash\nPlease retry in 7.584634113s.', 'status': 'RESOURCE_EXHAUSTED', 'details': [{'@type': 'type.googleapis.com/google.rpc.Help', 'links': [{'description': 'Learn more about Gemini API quotas', 'url': 'https://ai.google.dev/gemini-api/docs/rate-limits'}]}, {'@type': 'type.googleapis.com/google.rpc.QuotaFailure', 'violations': [{'quotaMetric': 'generativelanguage.googleapis.com/generate_content_free_tier_requests', 'quotaId': 'GenerateRequestsPerDayPerProjectPerModel-FreeTier', 'quotaDimensions': {'location': 'global', 'model': 'gemini-2.5-flash'}, 'quotaValue': '20'}]}, {'@type': 'type.googleapis.com/google.rpc.RetryInfo', 'retryDelay': '7s'}]}}
2026-01-14 00:11:52,640,No successful restaurant analyses
2026-01-14 00:12:08,kakao,search,query=개포4동 냉면 맛집&size=15&page=1&sort=accuracy,200
2026-01-14 00:12:08,kakao,search,query=개포4동 족발 맛집&size=15&page=1&sort=accuracy,200
2026-01-14 00:12:08,kakao,search,query=개포4동 보쌈 맛집&size=15&page=1&sort=accuracy,200
2026-01-14 00:12:08,kakao,search,query=개포4동 짜장면 맛집&size=15&page=1&sort=accuracy,200
2026-01-14 00:12:08,kakao,search,query=개포4동 마라탕 맛집&size=15&page=1&sort=accuracy,200
2026-01-14 00:12:08,kakao,search,query=개포4동 김치찌개 맛집&size=15&page=1&sort=accuracy,200
2026-01-14 00:12:08,kakao,search,query=개포4동 곱창 맛집&size=15&page=1&sort=accuracy,200
2026-01-14 00:12:08,kakao,search,query=개포4동 탕수육 맛집&size=15&page=1&sort=accuracy,200
2026-01-14 00:12:08,kakao,search,query=개포4동 백반 맛집&size=15&page=1&sort=accuracy,200
2026-01-14 00:12:08,kakao,search,query=개포4동 국밥 맛집&size=15&page=1&sort=accuracy,200
2026-01-14 00:12:08,kakao,search,query=개포4동 중식 맛집&size=15&page=1&sort=accuracy,200
2026-01-14 00:12:08,kakao,search,query=개포4동 된장찌개 맛집&size=15&page=1&sort=accuracy,200
2026-01-14 00:12:08,kakao,search,query=개포4동 칼국수 맛집&size=15&page=1&sort=accuracy,200
2026-01-14 00:12:08,kakao,search,query=개포4동 해장국 맛집&size=15&page=1&sort=accuracy,200
2026-01-14 00:12:08,kakao,search,query=개포4동 삼겹살 맛집&size=15&page=1&sort=accuracy,200
2026-01-14 00:12:08,kakao,search,query=개포4동 일식 맛집&size=15&page=1&sort=accuracy,200
2026-01-14 00:12:08,kakao,search,query=개포4동 갈비 맛집&size=15&page=1&sort=accuracy,200
2026-01-14 00:12:08,kakao,search,query=개포4동 양꼬치 맛집&size=15&page=1&sort=accuracy,200
2026-01-14 00:12:08,kakao,search,query=개포4동 짬뽕 맛집&size=15&page=1&sort=accuracy,200
2026-01-14 00:12:08,kakao,search,query=개포4동 한식 맛집&size=15&page=1&sort=accuracy,200
2026-01-14 00:12:08,kakao,search,query=개포4동 초밥 맛집&size=15&page=1&sort=accuracy,200
2026-01-14 00:12:08,kakao,search,query=개포4동 스시 맛집&size=15&page=1&sort=accuracy,200
2026-01-14 00:12:08,kakao,search,query=개포4동 돈까스 맛집&size=15&page=1&sort=accuracy,200
2026-01-14 00:12:08,kakao,search,query=개포4동 라멘 맛집&size=15&page=1&sort=accuracy,200
2026-01-14 00:12:08,kakao,search,query=개포4동 우동 맛집&size=15&page=1&sort=accuracy,200
2026-01-14 00:12:08,kakao,search,query=개포4동 이자카야 맛집&size=15&page=1&sort=accuracy,200
2026-01-14 00:12:08,kakao,search,query=개포4동 덮밥 맛집&size=15&page=1&sort=accuracy,200
2026-01-14 00:12:08,kakao,search,query=개포4동 양식 맛집&size=15&page=1&sort=accuracy,200
2026-01-14 00:12:08,kakao,search,query=개포4동 파스타 맛집&size=15&page=1&sort=accuracy,200
2026-01-14 00:12:08,kakao,search,query=개포4동 피자 맛집&size=15&page=1&sort=accuracy,200
2026-01-14 00:12:08,kakao,search,query=개포4동 스테이크 맛집&size=15&page=1&sort=accuracy,200
2026-01-14 00:12:08,kakao,search,query=개포4동 버거 맛집&size=15&page=1&sort=accuracy,200
2026-01-14 00:12:08,kakao,search,query=개포4동 카레 맛집&size=15&page=1&sort=accuracy,200
2026-01-14 00:12:08,kakao,search,query=개포4동 타코 맛집&size=15&page=1&sort=accuracy,200
2026-01-14 00:12:08,kakao,search,query=개포4동 아시안 맛집&size=15&page=1&sort=accuracy,200
2026-01-14 00:12:08,kakao,search,query=개포4동 브런치 맛집&size=15&page=1&sort=accuracy,200
2026-01-14 00:12:08,kakao,search,query=개포4동 분식 맛집&size=15&page=1&sort=accuracy,200
2026-01-14 00:12:08,kakao,search,query=개포4동 샐러드 맛집&size=15&page=1&sort=accuracy,200
2026-01-14 00:12:09,kakao,search,query=개포4동 쌀국수 맛집&size=15&page=1&sort=accuracy,200
2026-01-14 00:12:09,kakao,search,query=개포4동 떡볶이 맛집&size=15&page=1&sort=accuracy,200
2026-01-14 00:12:09,kakao,search,query=개포4동 김밥 맛집&size=15&page=1&sort=accuracy,200
2026-01-14 00:12:09,kakao,search,query=개포4동 디저트 맛집&size=15&page=1&sort=accuracy,200
2026-01-14 00:12:09,kakao,search,query=개포4동 치킨 맛집&size=15&page=1&sort=accuracy,200
2026-01-14 00:12:09,kakao,search,query=개포4동 베이커리 맛집&size=15&page=1&sort=accuracy,200
2026-01-14 00:12:09,kakao,search,query=개포4동 카페 맛집&size=15&page=1&sort=accuracy,200
2026-01-14 00:24:09,768,Starting AI analysis for 0 restaurants
2026-01-14 00:24:09,768,No successful restaurant analyses
2026-01-14 00:29:50,964,Starting AI analysis for 10 restaurants
2026-01-14 00:29:50,964,AFC is enabled with max remote calls: 10.
2026-01-14 00:29:50,965,AFC is enabled with max remote calls: 10.
2026-01-14 00:29:50,965,AFC is enabled with max remote calls: 10.
2026-01-14 00:29:51,485,HTTP Request: POST https://generativelanguage.googleapis.com/v1beta/models/gemini-flash-latest:generateContent "HTTP/1.1 429 Too Many Requests"
2026-01-14 00:29:51,486,Error analyzing 오징어광장 개포점: 429 RESOURCE_EXHAUSTED. {'error': {'code': 429, 'message': 'You exceeded your current quota, please check your plan and billing details. For more information on this error, head to: https://ai.google.dev/gemini-api/docs/rate-limits. To monitor your current usage, head to: https://ai.dev/rate-limit. \n* Quota exceeded for metric: generativelanguage.googleapis.com/generate_content_free_tier_requests, limit: 20, model: gemini-2.5-flash\nPlease retry in 8.721888178s.', 'status': 'RESOURCE_EXHAUSTED', 'details': [{'@type': 'type.googleapis.com/google.rpc.Help', 'links': [{'description': 'Learn more about Gemini API quotas', 'url': 'https://ai.google.dev/gemini-api/docs/rate-limits'}]}, {'@type': 'type.googleapis.com/google.rpc.QuotaFailure', 'violations': [{'quotaMetric': 'generativelanguage.googleapis.com/generate_content_free_tier_requests', 'quotaId': 'GenerateRequestsPerDayPerProjectPerModel-FreeTier', 'quotaDimensions': {'location': 'global', 'model': 'gemini-2.5-flash'}, 'quotaValue': '20'}]}, {'@type': 'type.googleapis.com/google.rpc.RetryInfo', 'retryDelay': '8s'}]}}
2026-01-14 00:29:51,486,AFC is enabled with max remote calls: 10.
2026-01-14 00:29:51,496,HTTP Request: POST https://generativelanguage.googleapis.com/v1beta/models/gemini-flash-latest:generateContent "HTTP/1.1 429 Too Many Requests"
2026-01-14 00:29:51,496,Error analyzing 포이제면소: 429 RESOURCE_EXHAUSTED. {'error': {'code': 429, 'message': 'You exceeded your current quota, please check your plan and billing details. For more information on this error, head to: https://ai.google.dev/gemini-api/docs/rate-limits. To monitor your current usage, head to: https://ai.dev/rate-limit. \n* Quota exceeded for metric: generativelanguage.googleapis.com/generate_content_free_tier_requests, limit: 20, model: gemini-2.5-flash\nPlease retry in 8.72219412s.', 'status': 'RESOURCE_EXHAUSTED', 'details': [{'@type': 'type.googleapis.com/google.rpc.Help', 'links': [{'description': 'Learn more about Gemini API quotas', 'url': 'https://ai.google.dev/gemini-api/docs/rate-limits'}]}, {'@type': 'type.googleapis.com/google.rpc.QuotaFailure', 'violations': [{'quotaMetric': 'generativelanguage.googleapis.com/generate_content_free_tier_requests', 'quotaId': 'GenerateRequestsPerDayPerProjectPerModel-FreeTier', 'quotaDimensions': {'location': 'global', 'model': 'gemini-2.5-flash'}, 'quotaValue': '20'}]}, {'@type': 'type.googleapis.com/google.rpc.RetryInfo', 'retryDelay': '8s'}]}}
2026-01-14 00:29:51,496,AFC is enabled with max remote calls: 10.
2026-01-14 00:29:51,656,HTTP Request: POST https://generativelanguage.googleapis.com/v1beta/models/gemini-flash-latest:generateContent "HTTP/1.1 429 Too Many Requests"
2026-01-14 00:29:51,657,Error analyzing 요거트아이스크림의정석 개포점: 429 RESOURCE_EXHAUSTED. {'error': {'code': 429, 'message': 'You exceeded your current quota, please check your plan and billing details. For more information on this error, head to: https://ai.google.dev/gemini-api/docs/rate-limits. To monitor your current usage, head to: https://ai.dev/rate-limit. \n* Quota exceeded for metric: generativelanguage.googleapis.com/generate_content_free_tier_requests, limit: 20, model: gemini-2.5-flash\nPlease retry in 8.564959736s.', 'status': 'RESOURCE_EXHAUSTED', 'details': [{'@type': 'type.googleapis.com/google.rpc.Help', 'links': [{'description': 'Learn more about Gemini API quotas', 'url': 'https://ai.google.dev/gemini-api/docs/rate-limits'}]}, {'@type': 'type.googleapis.com/google.rpc.QuotaFailure', 'violations': [{'quotaMetric': 'generativelanguage.googleapis.com/generate_content_free_tier_requests', 'quotaId': 'GenerateRequestsPerDayPerProjectPerModel-FreeTier', 'quotaDimensions': {'location': 'global', 'model': 'gemini-2.5-flash'}, 'quotaValue': '20'}]}, {'@type': 'type.googleapis.com/google.rpc.RetryInfo', 'retryDelay': '8s'}]}}
2026-01-14 00:29:51,657,AFC is enabled with max remote calls: 10.
2026-01-14 00:29:51,766,HTTP Request: POST https://generativelanguage.googleapis.com/v1beta/models/gemini-flash-latest:generateContent "HTTP/1.1 429 Too Many Requests"
2026-01-14 00:29:51,766,Error analyzing 잭슨피자 개포점: 429 RESOURCE_EXHAUSTED. {'error': {'code': 429, 'message': 'You exceeded your current quota, please check your plan and billing details. For more information on this error, head to: https://ai.google.dev/gemini-api/docs/rate-limits. To monitor your current usage, head to: https://ai.dev/rate-limit. \n* Quota exceeded for metric: generativelanguage.googleapis.com/generate_content_free_tier_requests, limit: 20, model: gemini-2.5-flash\nPlease retry in 8.444961208s.', 'status': 'RESOURCE_EXHAUSTED', 'details': [{'@type': 'type.googleapis.com/google.rpc.Help', 'links': [{'description': 'Learn more about Gemini API quotas', 'url': 'https://ai.google.dev/gemini-api/docs/rate-limits'}]}, {'@type': 'type.googleapis.com/google.rpc.QuotaFailure', 'violations': [{'quotaMetric': 'generativelanguage.googleapis.com/generate_content_free_tier_requests', 'quotaId': 'GenerateRequestsPerDayPerProjectPerModel-FreeTier', 'quotaDimensions': {'location': 'global', 'model': 'gemini-2.5-flash'}, 'quotaValue': '20'}]}, {'@type': 'type.googleapis.com/google.rpc.RetryInfo', 'retryDelay': '8s'}]}}
2026-01-14 00:29:51,766,AFC is enabled with max remote calls: 10.
2026-01-14 00:29:51,775,HTTP Request: POST https://generativelanguage.googleapis.com/v1beta/models/gemini-flash-latest:generateContent "HTTP/1.1 429 Too Many Requests"
2026-01-14 00:29:51,775,Error analyzing 컴포즈커피 개포구룡초교점: 429 RESOURCE_EXHAUSTED. {'error': {'code': 429, 'message': 'You exceeded your current quota, please check your plan and billing details. For more information on this error, head to: https://ai.google.dev/gemini-api/docs/rate-limits. To monitor your current usage, head to: https://ai.dev/rate-limit. \n* Quota exceeded for metric: generativelanguage.googleapis.com/generate_content_free_tier_requests, limit: 20, model: gemini-2.5-flash\nPlease retry in 8.429059143s.', 'status': 'RESOURCE_EXHAUSTED', 'details': [{'@type': 'type.googleapis.com/google.rpc.Help', 'links': [{'description': 'Learn more about Gemini API quotas', 'url': 'https://ai.google.dev/gemini-api/docs/rate-limits'}]}, {'@type': 'type.googleapis.com/google.rpc.QuotaFailure', 'violations': [{'quotaMetric': 'generativelanguage.googleapis.com/generate_content_free_tier_requests', 'quotaId': 'GenerateRequestsPerDayPerProjectPerModel-FreeTier', 'quotaDimensions': {'location': 'global', 'model': 'gemini-2.5-flash'}, 'quotaValue': '20'}]}, {'@type': 'type.googleapis.com/google.rpc.RetryInfo', 'retryDelay': '8s'}]}}
2026-01-14 00:29:51,775,AFC is enabled with max remote calls: 10.
2026-01-14 00:29:51,950,HTTP Request: POST https://generativelanguage.googleapis.com/v1beta/models/gemini-flash-latest:generateContent "HTTP/1.1 429 Too Many Requests"
2026-01-14 00:29:51,950,Error analyzing 조이하우스: 429 RESOURCE_EXHAUSTED. {'error': {'code': 429, 'message': 'You exceeded your current quota, please check your plan and billing details. For more information on this error, head to: https://ai.google.dev/gemini-api/docs/rate-limits. To monitor your current usage, head to: https://ai.dev/rate-limit. \n* Quota exceeded for metric: generativelanguage.googleapis.com/generate_content_free_tier_requests, limit: 20, model: gemini-2.5-flash\nPlease retry in 8.255718074s.', 'status': 'RESOURCE_EXHAUSTED', 'details': [{'@type': 'type.googleapis.com/google.rpc.Help', 'links': [{'description': 'Learn more about Gemini API quotas', 'url': 'https://ai.google.dev/gemini-api/docs/rate-limits'}]}, {'@type': 'type.googleapis.com/google.rpc.QuotaFailure', 'violations': [{'quotaMetric': 'generativelanguage.googleapis.com/generate_content_free_tier_requests', 'quotaId': 'GenerateRequestsPerDayPerProjectPerModel-FreeTier', 'quotaDimensions': {'location': 'global', 'model': 'gemini-2.5-flash'}, 'quotaValue': '20'}]}, {'@type': 'type.googleapis.com/google.rpc.RetryInfo', 'retryDelay': '8s'}]}}
2026-01-14 00:29:51,950,AFC is enabled with max remote calls: 10.
2026-01-14 00:29:52,052,HTTP Request: POST https://generativelanguage.googleapis.com/v1beta/models/gemini-flash-latest:generateContent "HTTP/1.1 429 Too Many Requests"
2026-01-14 00:29:52,052,Error analyzing 땡글이네집밥: 429 RESOURCE_EXHAUSTED. {'error': {'code': 429, 'message': 'You exceeded your current quota, please check your plan and billing details. For more information on this error, head to: https://ai.google.dev/gemini-api/docs/rate-limits. To monitor your current usage, head to: https://ai.dev/rate-limit. \n* Quota exceeded for metric: generativelanguage.googleapis.com/generate_content_free_tier_requests, limit: 20, model: gemini-2.5-flash\nPlease retry in 8.165507559s.', 'status': 'RESOURCE_EXHAUSTED', 'details': [{'@type': 'type.googleapis.com/google.rpc.Help', 'links': [{'description': 'Learn more about Gemini API quotas', 'url': 'https://ai.google.dev/gemini-api/docs/rate-limits'}]}, {'@type': 'type.googleapis.com/google.rpc.QuotaFailure', 'violations': [{'quotaMetric': 'generativelanguage.googleapis.com/generate_content_free_tier_requests', 'quotaId': 'GenerateRequestsPerDayPerProjectPerModel-FreeTier', 'quotaDimensions': {'location': 'global', 'model': 'gemini-2.5-flash'}, 'quotaValue': '20'}]}, {'@type': 'type.googleapis.com/google.rpc.RetryInfo', 'retryDelay': '8s'}]}}
2026-01-14 00:29:52,053,AFC is enabled with max remote calls: 10.
2026-01-14 00:29:52,068,HTTP Request: POST https://generativelanguage.googleapis.com/v1beta/models/gemini-flash-latest:generateContent "HTTP/1.1 429 Too Many Requests"
2026-01-14 00:29:52,068,Error analyzing 밀란국수 개포본점: 429 RESOURCE_EXHAUSTED. {'error': {'code': 429, 'message': 'You exceeded your current quota, please check your plan and billing details. For more information on this error, head to: https://ai.google.dev/gemini-api/docs/rate-limits. To monitor your current usage, head to: https://ai.dev/rate-limit. \n* Quota exceeded for metric: generativelanguage.googleapis.com/generate_content_free_tier_requests, limit: 20, model: gemini-2.5-flash\nPlease retry in 8.15141634s.', 'status': 'RESOURCE_EXHAUSTED', 'details': [{'@type': 'type.googleapis.com/google.rpc.Help', 'links': [{'description': 'Learn more about Gemini API quotas', 'url': 'https://ai.google.dev/gemini-api/docs/rate-limits'}]}, {'@type': 'type.googleapis.com/google.rpc.QuotaFailure', 'violations': [{'quotaMetric': 'generativelanguage.googleapis.com/generate_content_free_tier_requests', 'quotaId': 'GenerateRequestsPerDayPerProjectPerModel-FreeTier', 'quotaDimensions': {'location': 'global', 'model': 'gemini-2.5-flash'}, 'quotaValue': '20'}]}, {'@type': 'type.googleapis.com/google.rpc.RetryInfo', 'retryDelay': '8s'}]}}
2026-01-14 00:29:52,243,HTTP Request: POST https://generativelanguage.googleapis.com/v1beta/models/gemini-flash-latest:generateContent "HTTP/1.1 429 Too Many Requests"
2026-01-14 00:29:52,243,Error analyzing 강남감자탕해장국: 429 RESOURCE_EXHAUSTED. {'error': {'code': 429, 'message': 'You exceeded your current quota, please check your plan and billing details. For more information on this error, head to: https://ai.google.dev/gemini-api/docs/rate-limits. To monitor your current usage, head to: https://ai.dev/rate-limit. \n* Quota exceeded for metric: generativelanguage.googleapis.com/generate_content_free_tier_requests, limit: 20, model: gemini-2.5-flash\nPlease retry in 7.968791043s.', 'status': 'RESOURCE_EXHAUSTED', 'details': [{'@type': 'type.googleapis.com/google.rpc.Help', 'links': [{'description': 'Learn more about Gemini API quotas', 'url': 'https://ai.google.dev/gemini-api/docs/rate-limits'}]}, {'@type': 'type.googleapis.com/google.rpc.QuotaFailure', 'violations': [{'quotaMetric': 'generativelanguage.googleapis.com/generate_content_free_tier_requests', 'quotaId': 'GenerateRequestsPerDayPerProjectPerModel-FreeTier', 'quotaDimensions': {'location': 'global', 'model': 'gemini-2.5-flash'}, 'quotaValue': '20'}]}, {'@type': 'type.googleapis.com/google.rpc.RetryInfo', 'retryDelay': '7s'}]}}
2026-01-14 00:29:52,349,HTTP Request: POST https://generativelanguage.googleapis.com/v1beta/models/gemini-flash-latest:generateContent "HTTP/1.1 429 Too Many Requests"
2026-01-14 00:29:52,350,Error analyzing 스마일명품찹쌀꽈배기 양재2호점: 429 RESOURCE_EXHAUSTED. {'error': {'code': 429, 'message': 'You exceeded your current quota, please check your plan and billing details. For more information on this error, head to: https://ai.google.dev/gemini-api/docs/rate-limits. To monitor your current usage, head to: https://ai.dev/rate-limit. \n* Quota exceeded for metric: generativelanguage.googleapis.com/generate_content_free_tier_requests, limit: 20, model: gemini-2.5-flash\nPlease retry in 7.868957511s.', 'status': 'RESOURCE_EXHAUSTED', 'details': [{'@type': 'type.googleapis.com/google.rpc.Help', 'links': [{'description': 'Learn more about Gemini API quotas', 'url': 'https://ai.google.dev/gemini-api/docs/rate-limits'}]}, {'@type': 'type.googleapis.com/google.rpc.QuotaFailure', 'violations': [{'quotaMetric': 'generativelanguage.googleapis.com/generate_content_free_tier_requests', 'quotaId': 'GenerateRequestsPerDayPerProjectPerModel-FreeTier', 'quotaDimensions': {'model': 'gemini-2.5-flash', 'location': 'global'}, 'quotaValue': '20'}]}, {'@type': 'type.googleapis.com/google.rpc.RetryInfo', 'retryDelay': '7s'}]}}
2026-01-14 00:29:52,350,No successful restaurant analyses
2026-01-14 00:31:39,603,Retrying (Retry(total=1, connect=None, read=None, redirect=None, status=None)) after connection broken by 'ReadTimeoutError("HTTPSConnectionPool(host='nominatim.openstreetmap.org', port=443): Read timed out. (read timeout=1)")': /reverse?lat=37.48143772894245&lon=127.05107124067929&format=json&accept-language=ko&addressdetails=1
2026-01-14 00:31:39,617,Retrying (Retry(total=1, connect=None, read=None, redirect=None, status=None)) after connection broken by 'ReadTimeoutError("HTTPSConnectionPool(host='nominatim.openstreetmap.org', port=443): Read timed out. (read timeout=1)")': /reverse?lat=37.48160426627128&lon=127.05109844541278&format=json&accept-language=ko&addressdetails=1
2026-01-14 00:31:39,625,Retrying (Retry(total=1, connect=None, read=None, redirect=None, status=None)) after connection broken by 'ReadTimeoutError("HTTPSConnectionPool(host='nominatim.openstreetmap.org', port=443): Read timed out. (read timeout=1)")': /reverse?lat=37.481418384231134&lon=127.0509840698856&format=json&accept-language=ko&addressdetails=1
2026-01-14 00:31:39,701,Retrying (Retry(total=1, connect=None, read=None, redirect=None, status=None)) after connection broken by 'ReadTimeoutError("HTTPSConnectionPool(host='nominatim.openstreetmap.org', port=443): Read timed out. (read timeout=1)")': /reverse?lat=37.48156521654875&lon=127.0512097515666&format=json&accept-language=ko&addressdetails=1
2026-01-14 00:31:41,132,Retrying (Retry(total=0, connect=None, read=None, redirect=None, status=None)) after connection broken by 'ReadTimeoutError("HTTPSConnectionPool(host='nominatim.openstreetmap.org', port=443): Read timed out. (read timeout=1)")': /reverse?lat=37.48143772894245&lon=127.05107124067929&format=json&accept-language=ko&addressdetails=1
2026-01-14 00:31:41,150,Retrying (Retry(total=0, connect=None, read=None, redirect=None, status=None)) after connection broken by 'ReadTimeoutError("HTTPSConnectionPool(host='nominatim.openstreetmap.org', port=443): Read timed out. (read timeout=1)")': /reverse?lat=37.48160426627128&lon=127.05109844541278&format=json&accept-language=ko&addressdetails=1
2026-01-14 00:31:41,192,Retrying (Retry(total=0, connect=None, read=None, redirect=None, status=None)) after connection broken by 'ReadTimeoutError("HTTPSConnectionPool(host='nominatim.openstreetmap.org', port=443): Read timed out. (read timeout=1)")': /reverse?lat=37.481418384231134&lon=127.0509840698856&format=json&accept-language=ko&addressdetails=1
2026-01-14 00:31:41,227,Retrying (Retry(total=0, connect=None, read=None, redirect=None, status=None)) after connection broken by 'ReadTimeoutError("HTTPSConnectionPool(host='nominatim.openstreetmap.org', port=443): Read timed out. (read timeout=1)")': /reverse?lat=37.48156521654875&lon=127.0512097515666&format=json&accept-language=ko&addressdetails=1
2026-01-14 02:31:51,249,Retrying (Retry(total=1, connect=None, read=None, redirect=None, status=None)) after connection broken by 'ReadTimeoutError("HTTPSConnectionPool(host='nominatim.openstreetmap.org', port=443): Read timed out. (read timeout=1)")': /reverse?lat=37.481444298692374&lon=127.05103678479489&format=json&accept-language=ko&addressdetails=1
2026-01-14 02:31:51,249,Retrying (Retry(total=1, connect=None, read=None, redirect=None, status=None)) after connection broken by 'ReadTimeoutError("HTTPSConnectionPool(host='nominatim.openstreetmap.org', port=443): Read timed out. (read timeout=1)")': /reverse?lat=37.481418384231134&lon=127.0509840698856&format=json&accept-language=ko&addressdetails=1
2026-01-14 02:31:51,249,Retrying (Retry(total=1, connect=None, read=None, redirect=None, status=None)) after connection broken by 'ReadTimeoutError("HTTPSConnectionPool(host='nominatim.openstreetmap.org', port=443): Read timed out. (read timeout=1)")': /reverse?lat=37.48143772894245&lon=127.05107124067929&format=json&accept-language=ko&addressdetails=1
2026-01-14 02:31:51,249,Retrying (Retry(total=1, connect=None, read=None, redirect=None, status=None)) after connection broken by 'ReadTimeoutError("HTTPSConnectionPool(host='nominatim.openstreetmap.org', port=443): Read timed out. (read timeout=1)")': /reverse?lat=37.48160426627128&lon=127.05109844541278&format=json&accept-language=ko&addressdetails=1
2026-01-14 02:31:51,777,Retrying (Retry(total=1, connect=None, read=None, redirect=None, status=None)) after connection broken by 'ReadTimeoutError("HTTPSConnectionPool(host='nominatim.openstreetmap.org', port=443): Read timed out. (read timeout=1)")': /reverse?lat=37.481418384231134&lon=127.0509840698856&format=json&accept-language=ko&addressdetails=1
2026-01-14 02:31:51,777,Retrying (Retry(total=1, connect=None, read=None, redirect=None, status=None)) after connection broken by 'ReadTimeoutError("HTTPSConnectionPool(host='nominatim.openstreetmap.org', port=443): Read timed out. (read timeout=1)")': /reverse?lat=37.48143772894245&lon=127.05107124067929&format=json&accept-language=ko&addressdetails=1
2026-01-14 02:31:51,853,Retrying (Retry(total=1, connect=None, read=None, redirect=None, status=None)) after connection broken by 'ReadTimeoutError("HTTPSConnectionPool(host='nominatim.openstreetmap.org', port=443): Read timed out. (read timeout=1)")': /reverse?lat=37.48156521654875&lon=127.0512097515666&format=json&accept-language=ko&addressdetails=1
2026-01-14 02:31:51,854,Retrying (Retry(total=1, connect=None, read=None, redirect=None, status=None)) after connection broken by 'ReadTimeoutError("HTTPSConnectionPool(host='nominatim.openstreetmap.org', port=443): Read timed out. (read timeout=1)")': /reverse?lat=37.481444298692374&lon=127.05103678479489&format=json&accept-language=ko&addressdetails=1
2026-01-14 02:31:51,892,Retrying (Retry(total=1, connect=None, read=None, redirect=None, status=None)) after connection broken by 'ReadTimeoutError("HTTPSConnectionPool(host='nominatim.openstreetmap.org', port=443): Read timed out. (read timeout=1)")': /reverse?lat=37.48160426627128&lon=127.05109844541278&format=json&accept-language=ko&addressdetails=1
2026-01-14 02:31:52,100,Received an HTTP error (429): <html>
<head>
<title>Bandwidth limit exceeded</title>
</head>
<body>
<h1>Bandwidth limit exceeded</h1>

<p>You have been temporarily blocked because you have been overusing OSM's geocoding service or because you have not provided sufficient identification of your application. This block will be automatically lifted after a while. Please take the time and adapt your scripts to reduce the number of requests and make sure that you send a valid UserAgent or Referer.</p>

<p>For more information, consult the <a href="https://operations.osmfoundation.org/policies/nominatim/">usage policy</a> for the OSM Nominatim server.</p>
</body>
</html>

2026-01-14 02:31:52,167,Received an HTTP error (429): <html>
<head>
<title>Bandwidth limit exceeded</title>
</head>
<body>
<h1>Bandwidth limit exceeded</h1>

<p>You have been temporarily blocked because you have been overusing OSM's geocoding service or because you have not provided sufficient identification of your application. This block will be automatically lifted after a while. Please take the time and adapt your scripts to reduce the number of requests and make sure that you send a valid UserAgent or Referer.</p>

<p>For more information, consult the <a href="https://operations.osmfoundation.org/policies/nominatim/">usage policy</a> for the OSM Nominatim server.</p>
</body>
</html>

2026-01-14 02:31:52,575,Received an HTTP error (429): <html>
<head>
<title>Bandwidth limit exceeded</title>
</head>
<body>
<h1>Bandwidth limit exceeded</h1>

<p>You have been temporarily blocked because you have been overusing OSM's geocoding service or because you have not provided sufficient identification of your application. This block will be automatically lifted after a while. Please take the time and adapt your scripts to reduce the number of requests and make sure that you send a valid UserAgent or Referer.</p>

<p>For more information, consult the <a href="https://operations.osmfoundation.org/policies/nominatim/">usage policy</a> for the OSM Nominatim server.</p>
</body>
</html>

2026-01-14 02:31:52,700,Received an HTTP error (429): <html>
<head>
<title>Bandwidth limit exceeded</title>
</head>
<body>
<h1>Bandwidth limit exceeded</h1>

<p>You have been temporarily blocked because you have been overusing OSM's geocoding service or because you have not provided sufficient identification of your application. This block will be automatically lifted after a while. Please take the time and adapt your scripts to reduce the number of requests and make sure that you send a valid UserAgent or Referer.</p>

<p>For more information, consult the <a href="https://operations.osmfoundation.org/policies/nominatim/">usage policy</a> for the OSM Nominatim server.</p>
</body>
</html>

2026-01-14 02:31:52,750,Received an HTTP error (429): <html>
<head>
<title>Bandwidth limit exceeded</title>
</head>
<body>
<h1>Bandwidth limit exceeded</h1>

<p>You have been temporarily blocked because you have been overusing OSM's geocoding service or because you have not provided sufficient identification of your application. This block will be automatically lifted after a while. Please take the time and adapt your scripts to reduce the number of requests and make sure that you send a valid UserAgent or Referer.</p>

<p>For more information, consult the <a href="https://operations.osmfoundation.org/policies/nominatim/">usage policy</a> for the OSM Nominatim server.</p>
</body>
</html>

2026-01-14 02:31:52,750,Received an HTTP error (429): <html>
<head>
<title>Bandwidth limit exceeded</title>
</head>
<body>
<h1>Bandwidth limit exceeded</h1>

<p>You have been temporarily blocked because you have been overusing OSM's geocoding service or because you have not provided sufficient identification of your application. This block will be automatically lifted after a while. Please take the time and adapt your scripts to reduce the number of requests and make sure that you send a valid UserAgent or Referer.</p>

<p>For more information, consult the <a href="https://operations.osmfoundation.org/policies/nominatim/">usage policy</a> for the OSM Nominatim server.</p>
</body>
</html>

2026-01-14 02:31:52,835,Retrying (Retry(total=0, connect=None, read=None, redirect=None, status=None)) after connection broken by 'ReadTimeoutError("HTTPSConnectionPool(host='nominatim.openstreetmap.org', port=443): Read timed out. (read timeout=1)")': /reverse?lat=37.48160426627128&lon=127.05109844541278&format=json&accept-language=ko&addressdetails=1
2026-01-14 02:31:52,835,Retrying (Retry(total=0, connect=None, read=None, redirect=None, status=None)) after connection broken by 'ReadTimeoutError("HTTPSConnectionPool(host='nominatim.openstreetmap.org', port=443): Read timed out. (read timeout=1)")': /reverse?lat=37.481444298692374&lon=127.05103678479489&format=json&accept-language=ko&addressdetails=1
2026-01-14 02:31:53,308,Retrying (Retry(total=0, connect=None, read=None, redirect=None, status=None)) after connection broken by 'ReadTimeoutError("HTTPSConnectionPool(host='nominatim.openstreetmap.org', port=443): Read timed out. (read timeout=1)")': /reverse?lat=37.48143772894245&lon=127.05107124067929&format=json&accept-language=ko&addressdetails=1
2026-01-14 02:31:53,648,Received an HTTP error (429): <html>
<head>
<title>Bandwidth limit exceeded</title>
</head>
<body>
<h1>Bandwidth limit exceeded</h1>

<p>You have been temporarily blocked because you have been overusing OSM's geocoding service or because you have not provided sufficient identification of your application. This block will be automatically lifted after a while. Please take the time and adapt your scripts to reduce the number of requests and make sure that you send a valid UserAgent or Referer.</p>

<p>For more information, consult the <a href="https://operations.osmfoundation.org/policies/nominatim/">usage policy</a> for the OSM Nominatim server.</p>
</body>
</html>

2026-01-14 02:31:54,136,Received an HTTP error (429): <html>
<head>
<title>Bandwidth limit exceeded</title>
</head>
<body>
<h1>Bandwidth limit exceeded</h1>

<p>You have been temporarily blocked because you have been overusing OSM's geocoding service or because you have not provided sufficient identification of your application. This block will be automatically lifted after a while. Please take the time and adapt your scripts to reduce the number of requests and make sure that you send a valid UserAgent or Referer.</p>

<p>For more information, consult the <a href="https://operations.osmfoundation.org/policies/nominatim/">usage policy</a> for the OSM Nominatim server.</p>
</body>
</html>

2026-01-14 08:24:30,883,Retrying (Retry(total=1, connect=None, read=None, redirect=None, status=None)) after connection broken by 'ReadTimeoutError("HTTPSConnectionPool(host='nominatim.openstreetmap.org', port=443): Read timed out. (read timeout=1)")': /reverse?lat=37.48137207031249&lon=127.05089721679684&format=json&accept-language=ko&addressdetails=1
2026-01-14 08:24:31,867,Retrying (Retry(total=1, connect=None, read=None, redirect=None, status=None)) after connection broken by 'ReadTimeoutError("HTTPSConnectionPool(host='nominatim.openstreetmap.org', port=443): Read timed out. (read timeout=1)")': /reverse?lat=37.48137207031249&lon=127.05089721679684&format=json&accept-language=ko&addressdetails=1
2026-01-14 08:24:32,420,Retrying (Retry(total=0, connect=None, read=None, redirect=None, status=None)) after connection broken by 'ReadTimeoutError("HTTPSConnectionPool(host='nominatim.openstreetmap.org', port=443): Read timed out. (read timeout=1)")': /reverse?lat=37.48137207031249&lon=127.05089721679684&format=json&accept-language=ko&addressdetails=1
2026-01-14 08:24:33,425,Retrying (Retry(total=0, connect=None, read=None, redirect=None, status=None)) after connection broken by 'ReadTimeoutError("HTTPSConnectionPool(host='nominatim.openstreetmap.org', port=443): Read timed out. (read timeout=1)")': /reverse?lat=37.48137207031249&lon=127.05089721679684&format=json&accept-language=ko&addressdetails=1
2026-01-14 08:26:52,478,Retrying (Retry(total=1, connect=None, read=None, redirect=None, status=None)) after connection broken by 'ReadTimeoutError("HTTPSConnectionPool(host='nominatim.openstreetmap.org', port=443): Read timed out. (read timeout=1)")': /reverse?lat=37.48147473320439&lon=127.05104294486426&format=json&accept-language=ko&addressdetails=1
2026-01-14 08:48:15,740,Retrying (Retry(total=1, connect=None, read=None, redirect=None, status=None)) after connection broken by 'ReadTimeoutError("HTTPSConnectionPool(host='nominatim.openstreetmap.org', port=443): Read timed out. (read timeout=1)")': /reverse?lat=37.48137207031249&lon=127.05089721679684&format=json&accept-language=ko&addressdetails=1
2026-01-14 08:48:15,766,Retrying (Retry(total=1, connect=None, read=None, redirect=None, status=None)) after connection broken by 'ReadTimeoutError("HTTPSConnectionPool(host='nominatim.openstreetmap.org', port=443): Read timed out. (read timeout=1)")': /reverse?lat=37.48157463755542&lon=127.05112078559338&format=json&accept-language=ko&addressdetails=1
2026-01-14 08:48:15,788,Retrying (Retry(total=1, connect=None, read=None, redirect=None, status=None)) after connection broken by 'ReadTimeoutError("HTTPSConnectionPool(host='nominatim.openstreetmap.org', port=443): Read timed out. (read timeout=1)")': /reverse?lat=37.48147473320439&lon=127.05104294486426&format=json&accept-language=ko&addressdetails=1
2026-01-14 08:48:17,097,Retrying (Retry(total=1, connect=None, read=None, redirect=None, status=None)) after connection broken by 'ReadTimeoutError("HTTPSConnectionPool(host='nominatim.openstreetmap.org', port=443): Read timed out. (read timeout=1)")': /reverse?lat=37.48137207031249&lon=127.05089721679684&format=json&accept-language=ko&addressdetails=1
2026-01-14 08:48:17,261,Retrying (Retry(total=0, connect=None, read=None, redirect=None, status=None)) after connection broken by 'ReadTimeoutError("HTTPSConnectionPool(host='nominatim.openstreetmap.org', port=443): Read timed out. (read timeout=1)")': /reverse?lat=37.48137207031249&lon=127.05089721679684&format=json&accept-language=ko&addressdetails=1
2026-01-14 08:48:17,286,Retrying (Retry(total=0, connect=None, read=None, redirect=None, status=None)) after connection broken by 'ReadTimeoutError("HTTPSConnectionPool(host='nominatim.openstreetmap.org', port=443): Read timed out. (read timeout=1)")': /reverse?lat=37.48157463755542&lon=127.05112078559338&format=json&accept-language=ko&addressdetails=1
2026-01-14 08:48:17,306,Retrying (Retry(total=0, connect=None, read=None, redirect=None, status=None)) after connection broken by 'ReadTimeoutError("HTTPSConnectionPool(host='nominatim.openstreetmap.org', port=443): Read timed out. (read timeout=1)")': /reverse?lat=37.48147473320439&lon=127.05104294486426&format=json&accept-language=ko&addressdetails=1
2026-01-14 08:48:18,615,Retrying (Retry(total=0, connect=None, read=None, redirect=None, status=None)) after connection broken by 'ReadTimeoutError("HTTPSConnectionPool(host='nominatim.openstreetmap.org', port=443): Read timed out. (read timeout=1)")': /reverse?lat=37.48137207031249&lon=127.05089721679684&format=json&accept-language=ko&addressdetails=1
2026-01-14 08:48:20,604,Retrying (Retry(total=1, connect=None, read=None, redirect=None, status=None)) after connection broken by 'ReadTimeoutError("HTTPSConnectionPool(host='nominatim.openstreetmap.org', port=443): Read timed out. (read timeout=1)")': /reverse?lat=37.48157463755542&lon=127.05112078559338&format=json&accept-language=ko&addressdetails=1
2026-01-14 08:48:20,612,Retrying (Retry(total=1, connect=None, read=None, redirect=None, status=None)) after connection broken by 'ReadTimeoutError("HTTPSConnectionPool(host='nominatim.openstreetmap.org', port=443): Read timed out. (read timeout=1)")': /reverse?lat=37.48137207031249&lon=127.05089721679684&format=json&accept-language=ko&addressdetails=1
2026-01-14 08:48:22,212,Retrying (Retry(total=0, connect=None, read=None, redirect=None, status=None)) after connection broken by 'ReadTimeoutError("HTTPSConnectionPool(host='nominatim.openstreetmap.org', port=443): Read timed out. (read timeout=1)")': /reverse?lat=37.48137207031249&lon=127.05089721679684&format=json&accept-language=ko&addressdetails=1
2026-01-14 08:48:22,212,Retrying (Retry(total=0, connect=None, read=None, redirect=None, status=None)) after connection broken by 'ReadTimeoutError("HTTPSConnectionPool(host='nominatim.openstreetmap.org', port=443): Read timed out. (read timeout=1)")': /reverse?lat=37.48157463755542&lon=127.05112078559338&format=json&accept-language=ko&addressdetails=1
2026-01-14 20:51:14,844,Retrying (Retry(total=1, connect=None, read=None, redirect=None, status=None)) after connection broken by 'ReadTimeoutError("HTTPSConnectionPool(host='nominatim.openstreetmap.org', port=443): Read timed out. (read timeout=1)")': /reverse?lat=37.48147473320439&lon=127.05104294486426&format=json&accept-language=ko&addressdetails=1
2026-01-14 20:51:14,844,Retrying (Retry(total=1, connect=None, read=None, redirect=None, status=None)) after connection broken by 'ReadTimeoutError("HTTPSConnectionPool(host='nominatim.openstreetmap.org', port=443): Read timed out. (read timeout=1)")': /reverse?lat=37.48137207031249&lon=127.05089721679684&format=json&accept-language=ko&addressdetails=1
2026-01-14 20:51:14,855,Retrying (Retry(total=1, connect=None, read=None, redirect=None, status=None)) after connection broken by 'ReadTimeoutError("HTTPSConnectionPool(host='nominatim.openstreetmap.org', port=443): Read timed out. (read timeout=1)")': /reverse?lat=37.48137207031249&lon=127.05089721679684&format=json&accept-language=ko&addressdetails=1
2026-01-14 20:51:16,380,Retrying (Retry(total=0, connect=None, read=None, redirect=None, status=None)) after connection broken by 'ReadTimeoutError("HTTPSConnectionPool(host='nominatim.openstreetmap.org', port=443): Read timed out. (read timeout=1)")': /reverse?lat=37.48147473320439&lon=127.05104294486426&format=json&accept-language=ko&addressdetails=1
2026-01-14 20:51:16,382,Retrying (Retry(total=0, connect=None, read=None, redirect=None, status=None)) after connection broken by 'ReadTimeoutError("HTTPSConnectionPool(host='nominatim.openstreetmap.org', port=443): Read timed out. (read timeout=1)")': /reverse?lat=37.48137207031249&lon=127.05089721679684&format=json&accept-language=ko&addressdetails=1
2026-01-14 20:51:16,413,Retrying (Retry(total=0, connect=None, read=None, redirect=None, status=None)) after connection broken by 'ReadTimeoutError("HTTPSConnectionPool(host='nominatim.openstreetmap.org', port=443): Read timed out. (read timeout=1)")': /reverse?lat=37.48137207031249&lon=127.05089721679684&format=json&accept-language=ko&addressdetails=1
2026-01-14 21:54:58,663,Retrying (Retry(total=1, connect=None, read=None, redirect=None, status=None)) after connection broken by 'ReadTimeoutError("HTTPSConnectionPool(host='nominatim.openstreetmap.org', port=443): Read timed out. (read timeout=1)")': /reverse?lat=37.48147473320439&lon=127.05104294486426&format=json&accept-language=ko&addressdetails=1
2026-01-14 21:54:58,669,Retrying (Retry(total=1, connect=None, read=None, redirect=None, status=None)) after connection broken by 'ReadTimeoutError("HTTPSConnectionPool(host='nominatim.openstreetmap.org', port=443): Read timed out. (read timeout=1)")': /reverse?lat=37.48157463755542&lon=127.05112078559338&format=json&accept-language=ko&addressdetails=1
2026-01-14 21:54:58,671,Retrying (Retry(total=1, connect=None, read=None, redirect=None, status=None)) after connection broken by 'ReadTimeoutError("HTTPSConnectionPool(host='nominatim.openstreetmap.org', port=443): Read timed out. (read timeout=1)")': /reverse?lat=37.48137207031249&lon=127.05089721679684&format=json&accept-language=ko&addressdetails=1
2026-01-14 21:55:00,185,Retrying (Retry(total=0, connect=None, read=None, redirect=None, status=None)) after connection broken by 'ReadTimeoutError("HTTPSConnectionPool(host='nominatim.openstreetmap.org', port=443): Read timed out. (read timeout=1)")': /reverse?lat=37.48147473320439&lon=127.05104294486426&format=json&accept-language=ko&addressdetails=1
2026-01-14 21:55:00,189,Retrying (Retry(total=0, connect=None, read=None, redirect=None, status=None)) after connection broken by 'ReadTimeoutError("HTTPSConnectionPool(host='nominatim.openstreetmap.org', port=443): Read timed out. (read timeout=1)")': /reverse?lat=37.48157463755542&lon=127.05112078559338&format=json&accept-language=ko&addressdetails=1
2026-01-14 21:55:00,193,Retrying (Retry(total=0, connect=None, read=None, redirect=None, status=None)) after connection broken by 'ReadTimeoutError("HTTPSConnectionPool(host='nominatim.openstreetmap.org', port=443): Read timed out. (read timeout=1)")': /reverse?lat=37.48137207031249&lon=127.05089721679684&format=json&accept-language=ko&addressdetails=1
